reviewStatus,countryIso3,countryIso2Candidate,cityNameOriginal,provenanceUniversityReferences,originalUniversityRowCount,regionCode,latitude,longitude,timezone
"MISSING_IN_CATALOG","AFG","AF","Aybak","INS-AFG-0059","1","","","",""
"MISSING_IN_CATALOG","AFG","AF","Fayzabad","INS-AFG-0009","1","","","",""
"MISSING_IN_CATALOG","AFG","AF","Firozkoh","INS-AFG-0026","1","","","",""
"MISSING_IN_CATALOG","AFG","AF","Kapisa","INS-AFG-0005","1","","","",""
"MISSING_IN_CATALOG","AFG","AF","Maymana","INS-AFG-0020","1","","","",""
"MISSING_IN_CATALOG","AFG","AF","Mihtarlam","INS-AFG-0044","1","","","",""
"MISSING_IN_CATALOG","AFG","AF","Nili","INS-AFG-0016","1","","","",""
"MISSING_IN_CATALOG","AFG","AF","Parun","INS-AFG-0052","1","","","",""
"MISSING_IN_CATALOG","AFG","AF","Qala-e-Naw","INS-AFG-0010","1","","","",""
"MISSING_IN_CATALOG","AFG","AF","Sharana","INS-AFG-0054","1","","","",""
"MISSING_IN_CATALOG","AFG","AF","Sheberghan","INS-AFG-0033","1","","","",""
"MISSING_IN_CATALOG","AFG","AF","Taloqan","INS-AFG-0065","1","","","",""
"MISSING_IN_CATALOG","AFG","AF","Tarinkot","INS-AFG-0067","1","","","",""
"MISSING_IN_CATALOG","AGO","AO","Caála","INS-AGO-0072","1","","","",""
"MISSING_IN_CATALOG","AGO","AO","Calulo","INS-AGO-0063","1","","","",""
"MISSING_IN_CATALOG","AGO","AO","Icolo e Bengo","INS-AGO-0050;INS-AGO-0053","2","","","",""
"MISSING_IN_CATALOG","AGO","AO","Kilamba","INS-AGO-0061","1","","","",""
"MISSING_IN_CATALOG","AGO","AO","M'banza-Kongo","INS-AGO-0088;INS-AGO-0092","2","","","",""
"MISSING_IN_CATALOG","AGO","AO","Soyo","INS-AGO-0022","1","","","",""
"MISSING_IN_CATALOG","AGO","AO","Viana","INS-AGO-0030","1","","","",""
"MISSING_IN_CATALOG","AND","AD","Sant Julià de Lòria","INS-AND-0005;INS-AND-0007","2","","","",""
"MISSING_IN_CATALOG","ARE","AE","Al Ain","INS-ARE-0005;INS-ARE-0007;INS-ARE-0037;INS-ARE-0056;INS-ARE-0063","5","","","",""
"MISSING_IN_CATALOG","ARE","AE","Al Dhaid","INS-ARE-0057","1","","","",""
"MISSING_IN_CATALOG","ARE","AE","Fujairah","INS-ARE-0029","1","","","",""
"MISSING_IN_CATALOG","ARE","AE","Khor Fakkan","INS-ARE-0053;INS-ARE-0060","2","","","",""
"MISSING_IN_CATALOG","ARE","AE","Ras Al Khaimah","INS-ARE-0013;INS-ARE-0049","2","","","",""
"MISSING_IN_CATALOG","ARE","AE","Umm Al Quwain","INS-ARE-0055","1","","","",""
"MISSING_IN_CATALOG","ARG","AR","Adrogué","INS-ARG-0020","1","","","",""
"MISSING_IN_CATALOG","ARG","AR","Avellaneda","INS-ARG-0005","1","","","",""
"MISSING_IN_CATALOG","ARG","AR","Chilecito","INS-ARG-0010","1","","","",""
"MISSING_IN_CATALOG","ARG","AR","Ezeiza","INS-ARG-0067","1","","","",""
"MISSING_IN_CATALOG","ARG","AR","Guaymallén","INS-ARG-0103","1","","","",""
"MISSING_IN_CATALOG","ARG","AR","La Punta","INS-ARG-0062","1","","","",""
"MISSING_IN_CATALOG","ARG","AR","Laguna Blanca","INS-ARG-0068","1","","","",""
"MISSING_IN_CATALOG","ARG","AR","Libertador San Martín","INS-ARG-0072","1","","","",""
"MISSING_IN_CATALOG","ARG","AR","Mar de Ajó","INS-ARG-0074","1","","","",""
"MISSING_IN_CATALOG","ARG","AR","Moreno","INS-ARG-0034","1","","","",""
"MISSING_IN_CATALOG","ARG","AR","Pigüé","INS-ARG-0069","1","","","",""
"MISSING_IN_CATALOG","ARG","AR","San Antonio de Areco","INS-ARG-0049","1","","","",""
"MISSING_IN_CATALOG","ARG","AR","San Fernando del Valle de Catamarca","INS-ARG-0007","1","","","",""
"MISSING_IN_CATALOG","ARG","AR","Tandil","INS-ARG-0008","1","","","",""
"MISSING_IN_CATALOG","ARG","AR","Victoria","INS-ARG-0116","1","","","",""
"MISSING_IN_CATALOG","ARG","AR","Villa de Merlo","INS-ARG-0012","1","","","",""
"MISSING_IN_CATALOG","ARM","AM","Gavar","INS-ARM-0016","1","","","",""
"MISSING_IN_CATALOG","ARM","AM","Goris","INS-ARM-0017","1","","","",""
"MISSING_IN_CATALOG","ATG","AG","Coolidge","INS-ATG-0001","1","","","",""
"MISSING_IN_CATALOG","ATG","AG","Piccadilly","INS-ATG-0002","1","","","",""
"MISSING_IN_CATALOG","AUS","AU","Armidale","INS-AUS-0008","1","","","",""
"MISSING_IN_CATALOG","AUS","AU","Bathurst","INS-AUS-0005","1","","","",""
"MISSING_IN_CATALOG","AUS","AU","Cooranbong","INS-AUS-0039","1","","","",""
"MISSING_IN_CATALOG","AUS","AU","Fremantle","INS-AUS-0004","1","","","",""
"MISSING_IN_CATALOG","AUS","AU","Lismore","INS-AUS-0007","1","","","",""
"MISSING_IN_CATALOG","AUS","AU","North Sydney","INS-AUS-0003","1","","","",""
"MISSING_IN_CATALOG","AUS","AU","Penrith","INS-AUS-0014","1","","","",""
"MISSING_IN_CATALOG","AUS","AU","Sippy Downs","INS-AUS-0023","1","","","",""
"MISSING_IN_CATALOG","AUT","AT","Hall in Tirol","INS-AUT-0036","1","","","",""
"MISSING_IN_CATALOG","AUT","AT","Seekirchen am Wallersee","INS-AUT-0038","1","","","",""
"MISSING_IN_CATALOG","AUT","AT","St. Pölten","INS-AUT-0025;INS-AUT-0037","2","","","",""
"MISSING_IN_CATALOG","AZE","AZ","Ganja","INS-AZE-0011;INS-AZE-0018;INS-AZE-0031","3","","","",""
"MISSING_IN_CATALOG","AZE","AZ","Khankendi","INS-AZE-0044","1","","","",""
"MISSING_IN_CATALOG","AZE","AZ","Khirdalan","INS-AZE-0024","1","","","",""
"MISSING_IN_CATALOG","AZE","AZ","Mingachevir","INS-AZE-0035","1","","","",""
"MISSING_IN_CATALOG","AZE","AZ","Nakhchivan","INS-AZE-0036;INS-AZE-0037","2","","","",""
"MISSING_IN_CATALOG","AZE","AZ","Sumgait","INS-AZE-0042","1","","","",""
"MISSING_IN_CATALOG","BDI","BI","Rugombo","INS-BDI-0017","1","","","",""
"MISSING_IN_CATALOG","BEL","BE","Ghent","INS-BEL-0002","1","","","",""
"MISSING_IN_CATALOG","BEL","BE","Leuven","INS-BEL-0004","1","","","",""
"MISSING_IN_CATALOG","BEL","BE","Louvain-la-Neuve","INS-BEL-0006","1","","","",""
"MISSING_IN_CATALOG","BGD","BD","Chapainawabganj","INS-BGD-0029","1","","","",""
"MISSING_IN_CATALOG","BGD","BD","Cumilla","INS-BGD-0006;INS-BGD-0023","2","","","",""
"MISSING_IN_CATALOG","BGD","BD","Gazipur","INS-BGD-0011;INS-BGD-0026;INS-BGD-0049","3","","","",""
"MISSING_IN_CATALOG","BGD","BD","Jashore","INS-BGD-0040","1","","","",""
"MISSING_IN_CATALOG","BGD","BD","Natore","INS-BGD-0007","1","","","",""
"MISSING_IN_CATALOG","BGD","BD","Noakhali","INS-BGD-0050","1","","","",""
"MISSING_IN_CATALOG","BGD","BD","Rangamati","INS-BGD-0063","1","","","",""
"MISSING_IN_CATALOG","BGD","BD","Shahjadpur","INS-BGD-0061","1","","","",""
"MISSING_IN_CATALOG","BHR","BH","A'ali","INS-BHR-0004","1","","","",""
"MISSING_IN_CATALOG","BHR","BH","Busaiteen","INS-BHR-0011","1","","","",""
"MISSING_IN_CATALOG","BHR","BH","East Al-Ekir","INS-BHR-0003","1","","","",""
"MISSING_IN_CATALOG","BHR","BH","Isa Town","INS-BHR-0006","1","","","",""
"MISSING_IN_CATALOG","BHR","BH","Riffa","INS-BHR-0002;INS-BHR-0010;INS-BHR-0012","3","","","",""
"MISSING_IN_CATALOG","BHR","BH","Saar","INS-BHR-0007;INS-BHR-0013","2","","","",""
"MISSING_IN_CATALOG","BHR","BH","Sakhir","INS-BHR-0014","1","","","",""
"MISSING_IN_CATALOG","BHR","BH","Sanad","INS-BHR-0009","1","","","",""
"MISSING_IN_CATALOG","BHS","BS","Freeport","INS-BHS-0003;INS-BHS-0004","2","","","",""
"MISSING_IN_CATALOG","BIH","BA","East Sarajevo","INS-BIH-0016","1","","","",""
"MISSING_IN_CATALOG","BLR","BY","Baranovichi","INS-BLR-0003","1","","","",""
"MISSING_IN_CATALOG","BLR","BY","Gomel","INS-BLR-0020;INS-BLR-0021;INS-BLR-0025;INS-BLR-0026","4","","","",""
"MISSING_IN_CATALOG","BLR","BY","Grodno","INS-BLR-0027;INS-BLR-0028;INS-BLR-0044","3","","","",""
"MISSING_IN_CATALOG","BLR","BY","Mogilev","INS-BLR-0017;INS-BLR-0022;INS-BLR-0034;INS-BLR-0035","4","","","",""
"MISSING_IN_CATALOG","BLR","BY","Mozyr","INS-BLR-0036","1","","","",""
"MISSING_IN_CATALOG","BLR","BY","Novopolotsk","INS-BLR-0038","1","","","",""
"MISSING_IN_CATALOG","BLR","BY","Vitebsk","INS-BLR-0040;INS-BLR-0041;INS-BLR-0042;INS-BLR-0043","4","","","",""
"MISSING_IN_CATALOG","BOL","BO","Chimoré","INS-BOL-0012","1","","","",""
"MISSING_IN_CATALOG","BOL","BO","Kuruyuki","INS-BOL-0013","1","","","",""
"MISSING_IN_CATALOG","BOL","BO","Llallagua","INS-BOL-0008","1","","","",""
"MISSING_IN_CATALOG","BOL","BO","Vinto","INS-BOL-0027","1","","","",""
"MISSING_IN_CATALOG","BOL","BO","Warisata","INS-BOL-0011","1","","","",""
"MISSING_IN_CATALOG","BRA","BR","Alfenas","INS-BRA-0074","1","","","",""
"MISSING_IN_CATALOG","BRA","BR","Anápolis","INS-BRA-0037","1","","","",""
"MISSING_IN_CATALOG","BRA","BR","Bagé","INS-BRA-0146","1","","","",""
"MISSING_IN_CATALOG","BRA","BR","Bento Gonçalves","INS-BRA-0142","1","","","",""
"MISSING_IN_CATALOG","BRA","BR","Blumenau","INS-BRA-0171;INS-BRA-0175","2","","","",""
"MISSING_IN_CATALOG","BRA","BR","Bragança Paulista","INS-BRA-0214","1","","","",""
"MISSING_IN_CATALOG","BRA","BR","Cáceres","INS-BRA-0051","1","","","",""
"MISSING_IN_CATALOG","BRA","BR","Campinas","INS-BRA-0189;INS-BRA-0205","2","","","",""
"MISSING_IN_CATALOG","BRA","BR","Campos dos Goytacazes","INS-BRA-0121;INS-BRA-0129","2","","","",""
"MISSING_IN_CATALOG","BRA","BR","Canoas","INS-BRA-0151;INS-BRA-0158","2","","","",""
"MISSING_IN_CATALOG","BRA","BR","Catalão","INS-BRA-0040","1","","","",""
"MISSING_IN_CATALOG","BRA","BR","Caxias do Sul","INS-BRA-0161","1","","","",""
"MISSING_IN_CATALOG","BRA","BR","Chapecó","INS-BRA-0172","1","","","",""
"MISSING_IN_CATALOG","BRA","BR","Criciúma","INS-BRA-0177","1","","","",""
"MISSING_IN_CATALOG","BRA","BR","Cruz Alta","INS-BRA-0162","1","","","",""
"MISSING_IN_CATALOG","BRA","BR","Diamantina","INS-BRA-0072","1","","","",""
"MISSING_IN_CATALOG","BRA","BR","Dourados","INS-BRA-0054;INS-BRA-0056","2","","","",""
"MISSING_IN_CATALOG","BRA","BR","Duque de Caxias","INS-BRA-0133","1","","","",""
"MISSING_IN_CATALOG","BRA","BR","Erechim","INS-BRA-0160","1","","","",""
"MISSING_IN_CATALOG","BRA","BR","Foz do Iguaçu","INS-BRA-0094","1","","","",""
"MISSING_IN_CATALOG","BRA","BR","Governador Valadares","INS-BRA-0081","1","","","",""
"MISSING_IN_CATALOG","BRA","BR","Guarapuava","INS-BRA-0101","1","","","",""
"MISSING_IN_CATALOG","BRA","BR","Ijuí","INS-BRA-0159","1","","","",""
"MISSING_IN_CATALOG","BRA","BR","Ilhéus","INS-BRA-0020","1","","","",""
"MISSING_IN_CATALOG","BRA","BR","Itabuna","INS-BRA-0018","1","","","",""
"MISSING_IN_CATALOG","BRA","BR","Itajaí","INS-BRA-0181","1","","","",""
"MISSING_IN_CATALOG","BRA","BR","Itajubá","INS-BRA-0073","1","","","",""
"MISSING_IN_CATALOG","BRA","BR","Itaúna","INS-BRA-0079","1","","","",""
"MISSING_IN_CATALOG","BRA","BR","Jacarezinho","INS-BRA-0102","1","","","",""
"MISSING_IN_CATALOG","BRA","BR","Joaçaba","INS-BRA-0178","1","","","",""
"MISSING_IN_CATALOG","BRA","BR","Joinville","INS-BRA-0176","1","","","",""
"MISSING_IN_CATALOG","BRA","BR","Juiz de Fora","INS-BRA-0060;INS-BRA-0066","2","","","",""
"MISSING_IN_CATALOG","BRA","BR","Lages","INS-BRA-0179","1","","","",""
"MISSING_IN_CATALOG","BRA","BR","Lajeado","INS-BRA-0164","1","","","",""
"MISSING_IN_CATALOG","BRA","BR","Lavras","INS-BRA-0067","1","","","",""
"MISSING_IN_CATALOG","BRA","BR","Londrina","INS-BRA-0098;INS-BRA-0108","2","","","",""
"MISSING_IN_CATALOG","BRA","BR","Maringá","INS-BRA-0099","1","","","",""
"MISSING_IN_CATALOG","BRA","BR","Mogi das Cruzes","INS-BRA-0208","1","","","",""
"MISSING_IN_CATALOG","BRA","BR","Montes Claros","INS-BRA-0062;INS-BRA-0076","2","","","",""
"MISSING_IN_CATALOG","BRA","BR","Niterói","INS-BRA-0125","1","","","",""
"MISSING_IN_CATALOG","BRA","BR","Novo Hamburgo","INS-BRA-0156","1","","","",""
"MISSING_IN_CATALOG","BRA","BR","Ouro Preto","INS-BRA-0068","1","","","",""
"MISSING_IN_CATALOG","BRA","BR","Paranavaí","INS-BRA-0103","1","","","",""
"MISSING_IN_CATALOG","BRA","BR","Passo Fundo","INS-BRA-0163","1","","","",""
"MISSING_IN_CATALOG","BRA","BR","Pelotas","INS-BRA-0141;INS-BRA-0143;INS-BRA-0147","3","","","",""
"MISSING_IN_CATALOG","BRA","BR","Petrolina","INS-BRA-0111;INS-BRA-0114","2","","","",""
"MISSING_IN_CATALOG","BRA","BR","Petrópolis","INS-BRA-0130","1","","","",""
"MISSING_IN_CATALOG","BRA","BR","Piracicaba","INS-BRA-0203","1","","","",""
"MISSING_IN_CATALOG","BRA","BR","Ponta Grossa","INS-BRA-0100","1","","","",""
"MISSING_IN_CATALOG","BRA","BR","Pouso Alegre","INS-BRA-0061","1","","","",""
"MISSING_IN_CATALOG","BRA","BR","Ribeirão Preto","INS-BRA-0209","1","","","",""
"MISSING_IN_CATALOG","BRA","BR","Rio Grande","INS-BRA-0148","1","","","",""
"MISSING_IN_CATALOG","BRA","BR","Santa Cruz do Sul","INS-BRA-0154","1","","","",""
"MISSING_IN_CATALOG","BRA","BR","Santa Maria","INS-BRA-0144;INS-BRA-0150;INS-BRA-0157","3","","","",""
"MISSING_IN_CATALOG","BRA","BR","Santarém","INS-BRA-0086","1","","","",""
"MISSING_IN_CATALOG","BRA","BR","Santo André","INS-BRA-0183","1","","","",""
"MISSING_IN_CATALOG","BRA","BR","Santos","INS-BRA-0194;INS-BRA-0213","2","","","",""
"MISSING_IN_CATALOG","BRA","BR","São Bernardo do Campo","INS-BRA-0195;INS-BRA-0204","2","","","",""
"MISSING_IN_CATALOG","BRA","BR","São Caetano do Sul","INS-BRA-0187;INS-BRA-0201","2","","","",""
"MISSING_IN_CATALOG","BRA","BR","São Carlos","INS-BRA-0184","1","","","",""
"MISSING_IN_CATALOG","BRA","BR","São Cristóvão","INS-BRA-0217","1","","","",""
"MISSING_IN_CATALOG","BRA","BR","São João del-Rei","INS-BRA-0069","1","","","",""
"MISSING_IN_CATALOG","BRA","BR","São José dos Campos","INS-BRA-0186;INS-BRA-0211","2","","","",""
"MISSING_IN_CATALOG","BRA","BR","São Leopoldo","INS-BRA-0155","1","","","",""
"MISSING_IN_CATALOG","BRA","BR","Seropédica","INS-BRA-0122","1","","","",""
"MISSING_IN_CATALOG","BRA","BR","Taubaté","INS-BRA-0190","1","","","",""
"MISSING_IN_CATALOG","BRA","BR","Tubarão","INS-BRA-0180","1","","","",""
"MISSING_IN_CATALOG","BRA","BR","Uberlândia","INS-BRA-0071","1","","","",""
"MISSING_IN_CATALOG","BRA","BR","Umuarama","INS-BRA-0107","1","","","",""
"MISSING_IN_CATALOG","BRA","BR","Vassouras","INS-BRA-0135","1","","","",""
"MISSING_IN_CATALOG","BRA","BR","Viçosa","INS-BRA-0065","1","","","",""
"MISSING_IN_CATALOG","BRA","BR","Vila Velha","INS-BRA-0035","1","","","",""
"MISSING_IN_CATALOG","BRA","BR","Vitória da Conquista","INS-BRA-0021","1","","","",""
"MISSING_IN_CATALOG","BRB","BB","Warrens","INS-BRB-0004","1","","","",""
"MISSING_IN_CATALOG","BRB","BB","Wildey","INS-BRB-0001","1","","","",""
"MISSING_IN_CATALOG","BWA","BW","Palapye","INS-BWA-0003","1","","","",""
"MISSING_IN_CATALOG","CAN","CA","Ancaster","INS-CAN-0041","1","","","",""
"MISSING_IN_CATALOG","CAN","CA","Antigonish","INS-CAN-0047","1","","","",""
"MISSING_IN_CATALOG","CAN","CA","Hearst","INS-CAN-0057","1","","","",""
"MISSING_IN_CATALOG","CAN","CA","Lacombe","INS-CAN-0008","1","","","",""
"MISSING_IN_CATALOG","CAN","CA","Langley","INS-CAN-0056","1","","","",""
"MISSING_IN_CATALOG","CAN","CA","Merritt","INS-CAN-0033","1","","","",""
"MISSING_IN_CATALOG","CAN","CA","Pointe-de-l'Église","INS-CAN-0069","1","","","",""
"MISSING_IN_CATALOG","CAN","CA","Rimouski","INS-CAN-0064","1","","","",""
"MISSING_IN_CATALOG","CAN","CA","Rouyn-Noranda","INS-CAN-0066","1","","","",""
"MISSING_IN_CATALOG","CAN","CA","Sackville","INS-CAN-0030","1","","","",""
"MISSING_IN_CATALOG","CAN","CA","Sussex","INS-CAN-0022","1","","","",""
"MISSING_IN_CATALOG","CAN","CA","Sydney","INS-CAN-0010","1","","","",""
"MISSING_IN_CATALOG","CAN","CA","Wolfville","INS-CAN-0001","1","","","",""
"MISSING_IN_CATALOG","CHE","CH","Bad Zurzach","INS-CHE-0029","1","","","",""
"MISSING_IN_CATALOG","CHE","CH","Brig","INS-CHE-0021;INS-CHE-0030","2","","","",""
"MISSING_IN_CATALOG","CHE","CH","Crans-Montana","INS-CHE-0028","1","","","",""
"MISSING_IN_CATALOG","CHE","CH","Kloten","INS-CHE-0031","1","","","",""
"MISSING_IN_CATALOG","CHE","CH","Magglingen","INS-CHE-0032","1","","","",""
"MISSING_IN_CATALOG","CHE","CH","Manno","INS-CHE-0019","1","","","",""
"MISSING_IN_CATALOG","CHE","CH","Montreux","INS-CHE-0023","1","","","",""
"MISSING_IN_CATALOG","CHE","CH","Riehen","INS-CHE-0035","1","","","",""
"MISSING_IN_CATALOG","CHE","CH","Sorengo","INS-CHE-0022","1","","","",""
"MISSING_IN_CATALOG","CHE","CH","St. Gallen","INS-CHE-0010","1","","","",""
"MISSING_IN_CATALOG","CHE","CH","Windisch","INS-CHE-0015","1","","","",""
"MISSING_IN_CATALOG","CHN","CN","A Ba Cang Zu Qiang Zu Zi Zhi Zhou","INS-CHN-0695","1","","","",""
"MISSING_IN_CATALOG","CHN","CN","A La Er","INS-CHN-0815","1","","","",""
"MISSING_IN_CATALOG","CHN","CN","An Kang","INS-CHN-0784","1","","","",""
"MISSING_IN_CATALOG","CHN","CN","An Qing","INS-CHN-0375","1","","","",""
"MISSING_IN_CATALOG","CHN","CN","An Shan","INS-CHN-0161;INS-CHN-0181","2","","","",""
"MISSING_IN_CATALOG","CHN","CN","An Shun","INS-CHN-0717","1","","","",""
"MISSING_IN_CATALOG","CHN","CN","An Yang","INS-CHN-0498;INS-CHN-0512","2","","","",""
"MISSING_IN_CATALOG","CHN","CN","Ba Yan Nao Er","INS-CHN-0151","1","","","",""
"MISSING_IN_CATALOG","CHN","CN","Bai Cheng","INS-CHN-0211","1","","","",""
"MISSING_IN_CATALOG","CHN","CN","Bai Se","INS-CHN-0633;INS-CHN-0643","2","","","",""
"MISSING_IN_CATALOG","CHN","CN","Bang Bu","INS-CHN-0370;INS-CHN-0380;INS-CHN-0388","3","","","",""
"MISSING_IN_CATALOG","CHN","CN","Bao Ding","INS-CHN-0080;INS-CHN-0088;INS-CHN-0093;INS-CHN-0109;INS-CHN-0113","5","","","",""
"MISSING_IN_CATALOG","CHN","CN","Bao Ji","INS-CHN-0773","1","","","",""
"MISSING_IN_CATALOG","CHN","CN","Bao Shan","INS-CHN-0740","1","","","",""
"MISSING_IN_CATALOG","CHN","CN","Bao Tou","INS-CHN-0141","1","","","",""
"MISSING_IN_CATALOG","CHN","CN","Bei Jing","INS-CHN-0001;INS-CHN-0002;INS-CHN-0003;INS-CHN-0004;INS-CHN-0005;INS-CHN-0006;INS-CHN-0007;INS-CHN-0008;INS-CHN-0009;INS-CHN-0010;INS-CHN-0011;INS-CHN-0012;INS-CHN-0013;INS-CHN-0014;INS-CHN-0015;INS-CHN-0016;INS-CHN-0017;INS-CHN-0018;INS-CHN-0019;INS-CHN-0020;INS-CHN-0021;INS-CHN-0022;INS-CHN-0023;INS-CHN-0024;INS-CHN-0025;INS-CHN-0026;INS-CHN-0027;INS-CHN-0028;INS-CHN-0029;INS-CHN-0030;INS-CHN-0031;INS-CHN-0032;INS-CHN-0033;INS-CHN-0034;INS-CHN-0035;INS-CHN-0036;INS-CHN-0037;INS-CHN-0038;INS-CHN-0039;INS-CHN-0040;INS-CHN-0041;INS-CHN-0042;INS-CHN-0043;INS-CHN-0044;INS-CHN-0045;INS-CHN-0046;INS-CHN-0047;INS-CHN-0048;INS-CHN-0049;INS-CHN-0050;INS-CHN-0051;INS-CHN-0052;INS-CHN-0053;INS-CHN-0054;INS-CHN-0055;INS-CHN-0056;INS-CHN-0057;INS-CHN-0058;INS-CHN-0059;INS-CHN-0060","60","","","",""
"MISSING_IN_CATALOG","CHN","CN","Ben Xi","INS-CHN-0190","1","","","",""
"MISSING_IN_CATALOG","CHN","CN","Bi Jie","INS-CHN-0718","1","","","",""
"MISSING_IN_CATALOG","CHN","CN","Bin Zhou","INS-CHN-0452;INS-CHN-0459","2","","","",""
"MISSING_IN_CATALOG","CHN","CN","Bo Zhou","INS-CHN-0390","1","","","",""
"MISSING_IN_CATALOG","CHN","CN","Cang Zhou","INS-CHN-0087;INS-CHN-0101","2","","","",""
"MISSING_IN_CATALOG","CHN","CN","Chang Chun","INS-CHN-0196;INS-CHN-0198;INS-CHN-0200;INS-CHN-0201;INS-CHN-0203;INS-CHN-0204;INS-CHN-0205;INS-CHN-0209;INS-CHN-0210;INS-CHN-0212;INS-CHN-0213;INS-CHN-0214;INS-CHN-0215;INS-CHN-0216;INS-CHN-0218;INS-CHN-0219","16","","","",""
"MISSING_IN_CATALOG","CHN","CN","Chang De","INS-CHN-0571","1","","","",""
"MISSING_IN_CATALOG","CHN","CN","Chang Ji Hui Zu Zi Zhi Zhou","INS-CHN-0825","1","","","",""
"MISSING_IN_CATALOG","CHN","CN","Chang Sha","INS-CHN-0558;INS-CHN-0559;INS-CHN-0561;INS-CHN-0562;INS-CHN-0563;INS-CHN-0564;INS-CHN-0565;INS-CHN-0574;INS-CHN-0576;INS-CHN-0580;INS-CHN-0581;INS-CHN-0583;INS-CHN-0584;INS-CHN-0586","14","","","",""
"MISSING_IN_CATALOG","CHN","CN","Chang Zhi","INS-CHN-0123;INS-CHN-0128","2","","","",""
"MISSING_IN_CATALOG","CHN","CN","Chang Zhou","INS-CHN-0288;INS-CHN-0313;INS-CHN-0318","3","","","",""
"MISSING_IN_CATALOG","CHN","CN","Chao Zhou","INS-CHN-0600","1","","","",""
"MISSING_IN_CATALOG","CHN","CN","Chen Yang","INS-CHN-0155;INS-CHN-0157;INS-CHN-0158;INS-CHN-0159;INS-CHN-0160;INS-CHN-0164;INS-CHN-0168;INS-CHN-0170;INS-CHN-0172;INS-CHN-0175;INS-CHN-0176;INS-CHN-0177;INS-CHN-0179;INS-CHN-0184;INS-CHN-0185;INS-CHN-0186;INS-CHN-0187;INS-CHN-0188;INS-CHN-0192","19","","","",""
"MISSING_IN_CATALOG","CHN","CN","Chen Zhou","INS-CHN-0567","1","","","",""
"MISSING_IN_CATALOG","CHN","CN","Cheng De","INS-CHN-0091;INS-CHN-0094","2","","","",""
"MISSING_IN_CATALOG","CHN","CN","Cheng Du","INS-CHN-0674;INS-CHN-0675;INS-CHN-0676;INS-CHN-0677;INS-CHN-0678;INS-CHN-0680;INS-CHN-0682;INS-CHN-0687;INS-CHN-0689;INS-CHN-0697;INS-CHN-0698;INS-CHN-0699;INS-CHN-0700;INS-CHN-0701;INS-CHN-0702;INS-CHN-0704;INS-CHN-0707;INS-CHN-0708","18","","","",""
"MISSING_IN_CATALOG","CHN","CN","Chi Feng","INS-CHN-0147","1","","","",""
"MISSING_IN_CATALOG","CHN","CN","Chi Zhou","INS-CHN-0389","1","","","",""
"MISSING_IN_CATALOG","CHN","CN","Chong Zuo","INS-CHN-0638","1","","","",""
"MISSING_IN_CATALOG","CHN","CN","Chu Xiong Yi Zu Zi Zhi Zhou","INS-CHN-0746","1","","","",""
"MISSING_IN_CATALOG","CHN","CN","Chu Zhou","INS-CHN-0379;INS-CHN-0386","2","","","",""
"MISSING_IN_CATALOG","CHN","CN","Da Li Bai Zu Zi Zhi Zhou","INS-CHN-0734;INS-CHN-0751","2","","","",""
"MISSING_IN_CATALOG","CHN","CN","Da Lian","INS-CHN-0156;INS-CHN-0165;INS-CHN-0166;INS-CHN-0167;INS-CHN-0171;INS-CHN-0174;INS-CHN-0178;INS-CHN-0182;INS-CHN-0183;INS-CHN-0189;INS-CHN-0191;INS-CHN-0194","12","","","",""
"MISSING_IN_CATALOG","CHN","CN","Da Qing","INS-CHN-0226;INS-CHN-0228;INS-CHN-0238","3","","","",""
"MISSING_IN_CATALOG","CHN","CN","Da Tong","INS-CHN-0126","1","","","",""
"MISSING_IN_CATALOG","CHN","CN","Da Zhou","INS-CHN-0694","1","","","",""
"MISSING_IN_CATALOG","CHN","CN","Dan Dong","INS-CHN-0193","1","","","",""
"MISSING_IN_CATALOG","CHN","CN","De Yang","INS-CHN-0683","1","","","",""
"MISSING_IN_CATALOG","CHN","CN","De Zhou","INS-CHN-0458","1","","","",""
"MISSING_IN_CATALOG","CHN","CN","Dong Wan","INS-CHN-0617","1","","","",""
"MISSING_IN_CATALOG","CHN","CN","E Er Duo Si","INS-CHN-0154","1","","","",""
"MISSING_IN_CATALOG","CHN","CN","En Shi Tu Jia Zu Miao Zu Zi Zhi Zhou","INS-CHN-0536","1","","","",""
"MISSING_IN_CATALOG","CHN","CN","Fo Shan","INS-CHN-0620","1","","","",""
"MISSING_IN_CATALOG","CHN","CN","Fu Shun","INS-CHN-0163","1","","","",""
"MISSING_IN_CATALOG","CHN","CN","Fu Tian","INS-CHN-0411","1","","","",""
"MISSING_IN_CATALOG","CHN","CN","Fu Xin","INS-CHN-0162","1","","","",""
"MISSING_IN_CATALOG","CHN","CN","Fu Yang","INS-CHN-0374","1","","","",""
"MISSING_IN_CATALOG","CHN","CN","Fu Zhou","INS-CHN-0394;INS-CHN-0395;INS-CHN-0396;INS-CHN-0398;INS-CHN-0399;INS-CHN-0400;INS-CHN-0401;INS-CHN-0409;INS-CHN-0410;INS-CHN-0413;INS-CHN-0416","11","","","",""
"MISSING_IN_CATALOG","CHN","CN","Gan Nan Cang Zu Zi Zhi Zhou","INS-CHN-0803","1","","","",""
"MISSING_IN_CATALOG","CHN","CN","Gan Zhou","INS-CHN-0418;INS-CHN-0422;INS-CHN-0426","3","","","",""
"MISSING_IN_CATALOG","CHN","CN","Gan Zi Cang Zu Zi Zhi Zhou","INS-CHN-0705","1","","","",""
"MISSING_IN_CATALOG","CHN","CN","Gu Yuan","INS-CHN-0812","1","","","",""
"MISSING_IN_CATALOG","CHN","CN","Gui Lin","INS-CHN-0630;INS-CHN-0631;INS-CHN-0635;INS-CHN-0636;INS-CHN-0648;INS-CHN-0649","6","","","",""
"MISSING_IN_CATALOG","CHN","CN","Gui Yang","INS-CHN-0709;INS-CHN-0710;INS-CHN-0712;INS-CHN-0713;INS-CHN-0721;INS-CHN-0722;INS-CHN-0723;INS-CHN-0725;INS-CHN-0726;INS-CHN-0727;INS-CHN-0728","11","","","",""
"MISSING_IN_CATALOG","CHN","CN","Ha Er Bin","INS-CHN-0221;INS-CHN-0222;INS-CHN-0223;INS-CHN-0224;INS-CHN-0225;INS-CHN-0229;INS-CHN-0230;INS-CHN-0231;INS-CHN-0232;INS-CHN-0234;INS-CHN-0237;INS-CHN-0240;INS-CHN-0241;INS-CHN-0242;INS-CHN-0245;INS-CHN-0247","16","","","",""
"MISSING_IN_CATALOG","CHN","CN","Hai Kou","INS-CHN-0652;INS-CHN-0654;INS-CHN-0655;INS-CHN-0656","4","","","",""
"MISSING_IN_CATALOG","CHN","CN","Han Dan","INS-CHN-0081;INS-CHN-0099","2","","","",""
"MISSING_IN_CATALOG","CHN","CN","Hang Zhou","INS-CHN-0328;INS-CHN-0329;INS-CHN-0330;INS-CHN-0331;INS-CHN-0333;INS-CHN-0335;INS-CHN-0337;INS-CHN-0343;INS-CHN-0345;INS-CHN-0346;INS-CHN-0349;INS-CHN-0351;INS-CHN-0352;INS-CHN-0353;INS-CHN-0356;INS-CHN-0357;INS-CHN-0358;INS-CHN-0359","18","","","",""
"MISSING_IN_CATALOG","CHN","CN","He Chi","INS-CHN-0639","1","","","",""
"MISSING_IN_CATALOG","CHN","CN","He Fei","INS-CHN-0362;INS-CHN-0363;INS-CHN-0364;INS-CHN-0368;INS-CHN-0369;INS-CHN-0372;INS-CHN-0382;INS-CHN-0385;INS-CHN-0387;INS-CHN-0391","10","","","",""
"MISSING_IN_CATALOG","CHN","CN","He Ze","INS-CHN-0464","1","","","",""
"MISSING_IN_CATALOG","CHN","CN","He Zhou","INS-CHN-0650","1","","","",""
"MISSING_IN_CATALOG","CHN","CN","Hei He","INS-CHN-0246","1","","","",""
"MISSING_IN_CATALOG","CHN","CN","Heng Shui","INS-CHN-0097","1","","","",""
"MISSING_IN_CATALOG","CHN","CN","Heng Yang","INS-CHN-0568;INS-CHN-0575;INS-CHN-0579","3","","","",""
"MISSING_IN_CATALOG","CHN","CN","Hong He Ha Ni Zu Yi Zu Zi Zhi Zhou","INS-CHN-0741","1","","","",""
"MISSING_IN_CATALOG","CHN","CN","Hu He Hao Te","INS-CHN-0140;INS-CHN-0142;INS-CHN-0143;INS-CHN-0144;INS-CHN-0145;INS-CHN-0148;INS-CHN-0152;INS-CHN-0153","8","","","",""
"MISSING_IN_CATALOG","CHN","CN","Hu Lun Bei Er","INS-CHN-0149","1","","","",""
"MISSING_IN_CATALOG","CHN","CN","Hu Zhou","INS-CHN-0338","1","","","",""
"MISSING_IN_CATALOG","CHN","CN","Huai An","INS-CHN-0304;INS-CHN-0312","2","","","",""
"MISSING_IN_CATALOG","CHN","CN","Huai Bei","INS-CHN-0376","1","","","",""
"MISSING_IN_CATALOG","CHN","CN","Huai Hua","INS-CHN-0570;INS-CHN-0585","2","","","",""
"MISSING_IN_CATALOG","CHN","CN","Huai Nan","INS-CHN-0366;INS-CHN-0383","2","","","",""
"MISSING_IN_CATALOG","CHN","CN","Huang Gang","INS-CHN-0535","1","","","",""
"MISSING_IN_CATALOG","CHN","CN","Huang Shan","INS-CHN-0377","1","","","",""
"MISSING_IN_CATALOG","CHN","CN","Huang Shi","INS-CHN-0534;INS-CHN-0545","2","","","",""
"MISSING_IN_CATALOG","CHN","CN","Hui Zhou","INS-CHN-0599","1","","","",""
"MISSING_IN_CATALOG","CHN","CN","Ji Lin","INS-CHN-0199;INS-CHN-0202;INS-CHN-0206;INS-CHN-0217;INS-CHN-0220","5","","","",""
"MISSING_IN_CATALOG","CHN","CN","Ji Nan","INS-CHN-0438;INS-CHN-0443;INS-CHN-0445;INS-CHN-0446;INS-CHN-0453;INS-CHN-0455;INS-CHN-0465;INS-CHN-0466;INS-CHN-0467;INS-CHN-0469;INS-CHN-0473;INS-CHN-0474;INS-CHN-0476;INS-CHN-0477;INS-CHN-0478;INS-CHN-0479;INS-CHN-0480;INS-CHN-0481","18","","","",""
"MISSING_IN_CATALOG","CHN","CN","Ji Xi","INS-CHN-0244","1","","","",""
"MISSING_IN_CATALOG","CHN","CN","Ji Zhu","INS-CHN-0454;INS-CHN-0456;INS-CHN-0463","3","","","",""
"MISSING_IN_CATALOG","CHN","CN","Jia Mu Si","INS-CHN-0227","1","","","",""
"MISSING_IN_CATALOG","CHN","CN","Jia Xing","INS-CHN-0344","1","","","",""
"MISSING_IN_CATALOG","CHN","CN","Jiang Men","INS-CHN-0614","1","","","",""
"MISSING_IN_CATALOG","CHN","CN","Jiao Zuo","INS-CHN-0484","1","","","",""
"MISSING_IN_CATALOG","CHN","CN","Jin Hua","INS-CHN-0336","1","","","",""
"MISSING_IN_CATALOG","CHN","CN","Jin Zhong","INS-CHN-0121;INS-CHN-0127;INS-CHN-0139","3","","","",""
"MISSING_IN_CATALOG","CHN","CN","Jin Zhou","INS-CHN-0169;INS-CHN-0173;INS-CHN-0180","3","","","",""
"MISSING_IN_CATALOG","CHN","CN","Jing De Zhen","INS-CHN-0419;INS-CHN-0429","2","","","",""
"MISSING_IN_CATALOG","CHN","CN","Jing Men","INS-CHN-0551","1","","","",""
"MISSING_IN_CATALOG","CHN","CN","Jing Zhou","INS-CHN-0523","1","","","",""
"MISSING_IN_CATALOG","CHN","CN","Jiu Jiang","INS-CHN-0435","1","","","",""
"MISSING_IN_CATALOG","CHN","CN","Kai Feng","INS-CHN-0494","1","","","",""
"MISSING_IN_CATALOG","CHN","CN","Ke Shi Di Qu","INS-CHN-0820","1","","","",""
"MISSING_IN_CATALOG","CHN","CN","Kun Ming","INS-CHN-0729;INS-CHN-0730;INS-CHN-0731;INS-CHN-0732;INS-CHN-0733;INS-CHN-0735;INS-CHN-0736;INS-CHN-0742;INS-CHN-0743;INS-CHN-0744;INS-CHN-0747;INS-CHN-0748","12","","","",""
"MISSING_IN_CATALOG","CHN","CN","Kun Shan","INS-CHN-0327","1","","","",""
"MISSING_IN_CATALOG","CHN","CN","La Sa","INS-CHN-0752;INS-CHN-0754","2","","","",""
"MISSING_IN_CATALOG","CHN","CN","Lai Bin","INS-CHN-0645","1","","","",""
"MISSING_IN_CATALOG","CHN","CN","Lan Zhou","INS-CHN-0790;INS-CHN-0791;INS-CHN-0792;INS-CHN-0793;INS-CHN-0794;INS-CHN-0795;INS-CHN-0796;INS-CHN-0800;INS-CHN-0801;INS-CHN-0802;INS-CHN-0804;INS-CHN-0806","12","","","",""
"MISSING_IN_CATALOG","CHN","CN","Lang Fang","INS-CHN-0096;INS-CHN-0106;INS-CHN-0107;INS-CHN-0110;INS-CHN-0111","5","","","",""
"MISSING_IN_CATALOG","CHN","CN","Le Shan","INS-CHN-0696","1","","","",""
"MISSING_IN_CATALOG","CHN","CN","Li Shui","INS-CHN-0342","1","","","",""
"MISSING_IN_CATALOG","CHN","CN","Lian Yun Gang","INS-CHN-0319","1","","","",""
"MISSING_IN_CATALOG","CHN","CN","Liang Shan Yi Zu Zi Zhi Zhou","INS-CHN-0685","1","","","",""
"MISSING_IN_CATALOG","CHN","CN","Liao Cheng","INS-CHN-0457","1","","","",""
"MISSING_IN_CATALOG","CHN","CN","Lin Cang","INS-CHN-0750","1","","","",""
"MISSING_IN_CATALOG","CHN","CN","Lin Fen","INS-CHN-0124","1","","","",""
"MISSING_IN_CATALOG","CHN","CN","Lin Yi","INS-CHN-0461","1","","","",""
"MISSING_IN_CATALOG","CHN","CN","Lin Zhi","INS-CHN-0755","1","","","",""
"MISSING_IN_CATALOG","CHN","CN","Liu An","INS-CHN-0378","1","","","",""
"MISSING_IN_CATALOG","CHN","CN","Liu Pan Shui","INS-CHN-0724","1","","","",""
"MISSING_IN_CATALOG","CHN","CN","Liu Zhou","INS-CHN-0629","1","","","",""
"MISSING_IN_CATALOG","CHN","CN","Long Yan","INS-CHN-0408","1","","","",""
"MISSING_IN_CATALOG","CHN","CN","Lou Di","INS-CHN-0573","1","","","",""
"MISSING_IN_CATALOG","CHN","CN","Lu Liang","INS-CHN-0133","1","","","",""
"MISSING_IN_CATALOG","CHN","CN","Lu Zhou","INS-CHN-0686;INS-CHN-0706","2","","","",""
"MISSING_IN_CATALOG","CHN","CN","Luo Yang","INS-CHN-0487;INS-CHN-0501;INS-CHN-0508","3","","","",""
"MISSING_IN_CATALOG","CHN","CN","Ma An Shan","INS-CHN-0365","1","","","",""
"MISSING_IN_CATALOG","CHN","CN","Mao Ming","INS-CHN-0616","1","","","",""
"MISSING_IN_CATALOG","CHN","CN","Mei Zhou","INS-CHN-0603","1","","","",""
"MISSING_IN_CATALOG","CHN","CN","Mian Yang","INS-CHN-0679;INS-CHN-0691","2","","","",""
"MISSING_IN_CATALOG","CHN","CN","Mu Dan Jiang","INS-CHN-0233;INS-CHN-0236","2","","","",""
"MISSING_IN_CATALOG","CHN","CN","Nan Chang","INS-CHN-0414;INS-CHN-0415;INS-CHN-0417;INS-CHN-0420;INS-CHN-0421;INS-CHN-0423;INS-CHN-0428;INS-CHN-0431;INS-CHN-0432;INS-CHN-0433;INS-CHN-0436;INS-CHN-0437","12","","","",""
"MISSING_IN_CATALOG","CHN","CN","Nan Chong","INS-CHN-0688;INS-CHN-0690","2","","","",""
"MISSING_IN_CATALOG","CHN","CN","Nan Jing","INS-CHN-0280;INS-CHN-0282;INS-CHN-0283;INS-CHN-0284;INS-CHN-0287;INS-CHN-0289;INS-CHN-0290;INS-CHN-0292;INS-CHN-0294;INS-CHN-0297;INS-CHN-0298;INS-CHN-0300;INS-CHN-0301;INS-CHN-0302;INS-CHN-0306;INS-CHN-0307;INS-CHN-0308;INS-CHN-0309;INS-CHN-0315;INS-CHN-0316;INS-CHN-0317;INS-CHN-0321;INS-CHN-0322;INS-CHN-0324;INS-CHN-0325","25","","","",""
"MISSING_IN_CATALOG","CHN","CN","Nan Ping","INS-CHN-0402","1","","","",""
"MISSING_IN_CATALOG","CHN","CN","Nan Tong","INS-CHN-0295","1","","","",""
"MISSING_IN_CATALOG","CHN","CN","Nan Yang","INS-CHN-0500;INS-CHN-0515","2","","","",""
"MISSING_IN_CATALOG","CHN","CN","Nan Zhu","INS-CHN-0628;INS-CHN-0632;INS-CHN-0634;INS-CHN-0637;INS-CHN-0641;INS-CHN-0642;INS-CHN-0646;INS-CHN-0651","8","","","",""
"MISSING_IN_CATALOG","CHN","CN","Nei Jiang","INS-CHN-0692","1","","","",""
"MISSING_IN_CATALOG","CHN","CN","Pan Zhi Hua","INS-CHN-0703","1","","","",""
"MISSING_IN_CATALOG","CHN","CN","Ping Ding Shan","INS-CHN-0506;INS-CHN-0516","2","","","",""
"MISSING_IN_CATALOG","CHN","CN","Ping Liang","INS-CHN-0805","1","","","",""
"MISSING_IN_CATALOG","CHN","CN","Ping Xiang","INS-CHN-0430","1","","","",""
"MISSING_IN_CATALOG","CHN","CN","Pu Er","INS-CHN-0739","1","","","",""
"MISSING_IN_CATALOG","CHN","CN","Qi Qi Ha Er","INS-CHN-0235;INS-CHN-0243","2","","","",""
"MISSING_IN_CATALOG","CHN","CN","Qian Dong Nan Miao Zu Tong Zu Zi Zhi Zhou","INS-CHN-0719","1","","","",""
"MISSING_IN_CATALOG","CHN","CN","Qian Nan Bu Yi Zu Miao Zu Zi Zhi Zhou","INS-CHN-0720","1","","","",""
"MISSING_IN_CATALOG","CHN","CN","Qian Xi Nan Bu Yi Zu Miao Zu Zi Zhi Zhou","INS-CHN-0716","1","","","",""
"MISSING_IN_CATALOG","CHN","CN","Qin Huang Dao","INS-CHN-0103;INS-CHN-0104;INS-CHN-0116","3","","","",""
"MISSING_IN_CATALOG","CHN","CN","Qin Zhou","INS-CHN-0647","1","","","",""
"MISSING_IN_CATALOG","CHN","CN","Qing Dao","INS-CHN-0439;INS-CHN-0440;INS-CHN-0441;INS-CHN-0442;INS-CHN-0444;INS-CHN-0449;INS-CHN-0470","7","","","",""
"MISSING_IN_CATALOG","CHN","CN","Qing Yang","INS-CHN-0797","1","","","",""
"MISSING_IN_CATALOG","CHN","CN","Qu Jing","INS-CHN-0738","1","","","",""
"MISSING_IN_CATALOG","CHN","CN","Qu Zhou","INS-CHN-0354","1","","","",""
"MISSING_IN_CATALOG","CHN","CN","Quan Zhou","INS-CHN-0393;INS-CHN-0404","2","","","",""
"MISSING_IN_CATALOG","CHN","CN","San Ming","INS-CHN-0407","1","","","",""
"MISSING_IN_CATALOG","CHN","CN","San Ya","INS-CHN-0653","1","","","",""
"MISSING_IN_CATALOG","CHN","CN","Sha Men","INS-CHN-0392;INS-CHN-0397;INS-CHN-0406;INS-CHN-0412","4","","","",""
"MISSING_IN_CATALOG","CHN","CN","Shan Tou","INS-CHN-0589;INS-CHN-0627","2","","","",""
"MISSING_IN_CATALOG","CHN","CN","Shang Hai","INS-CHN-0248;INS-CHN-0249;INS-CHN-0250;INS-CHN-0251;INS-CHN-0252;INS-CHN-0253;INS-CHN-0254;INS-CHN-0255;INS-CHN-0256;INS-CHN-0257;INS-CHN-0258;INS-CHN-0259;INS-CHN-0260;INS-CHN-0261;INS-CHN-0262;INS-CHN-0263;INS-CHN-0264;INS-CHN-0265;INS-CHN-0266;INS-CHN-0267;INS-CHN-0268;INS-CHN-0269;INS-CHN-0270;INS-CHN-0271;INS-CHN-0272;INS-CHN-0273;INS-CHN-0274;INS-CHN-0275;INS-CHN-0276;INS-CHN-0277;INS-CHN-0278;INS-CHN-0279","32","","","",""
"MISSING_IN_CATALOG","CHN","CN","Shang Luo","INS-CHN-0783","1","","","",""
"MISSING_IN_CATALOG","CHN","CN","Shang Qiu","INS-CHN-0502","1","","","",""
"MISSING_IN_CATALOG","CHN","CN","Shang Rao","INS-CHN-0424","1","","","",""
"MISSING_IN_CATALOG","CHN","CN","Shao Guan","INS-CHN-0598","1","","","",""
"MISSING_IN_CATALOG","CHN","CN","Shao Xing","INS-CHN-0339","1","","","",""
"MISSING_IN_CATALOG","CHN","CN","Shao Yang","INS-CHN-0569","1","","","",""
"MISSING_IN_CATALOG","CHN","CN","Shen Zhen","INS-CHN-0608;INS-CHN-0623;INS-CHN-0625;INS-CHN-0626","4","","","",""
"MISSING_IN_CATALOG","CHN","CN","Shi He Zi","INS-CHN-0817","1","","","",""
"MISSING_IN_CATALOG","CHN","CN","Shi Jia Zhuang","INS-CHN-0082;INS-CHN-0085;INS-CHN-0089;INS-CHN-0092;INS-CHN-0098;INS-CHN-0102;INS-CHN-0108;INS-CHN-0112;INS-CHN-0114","9","","","",""
"MISSING_IN_CATALOG","CHN","CN","Shi Yan","INS-CHN-0537;INS-CHN-0543;INS-CHN-0547","3","","","",""
"MISSING_IN_CATALOG","CHN","CN","Si Ping","INS-CHN-0208","1","","","",""
"MISSING_IN_CATALOG","CHN","CN","Su Zhou","INS-CHN-0281;INS-CHN-0310;INS-CHN-0311;INS-CHN-0326;INS-CHN-0381","5","","","",""
"MISSING_IN_CATALOG","CHN","CN","Sui Hua","INS-CHN-0239","1","","","",""
"MISSING_IN_CATALOG","CHN","CN","Tai An","INS-CHN-0448;INS-CHN-0451;INS-CHN-0462","3","","","",""
"MISSING_IN_CATALOG","CHN","CN","Tai Yuan","INS-CHN-0117;INS-CHN-0118;INS-CHN-0119;INS-CHN-0120;INS-CHN-0122;INS-CHN-0125;INS-CHN-0131;INS-CHN-0132;INS-CHN-0134;INS-CHN-0135;INS-CHN-0136;INS-CHN-0137","12","","","",""
"MISSING_IN_CATALOG","CHN","CN","Tai Zhou","INS-CHN-0323;INS-CHN-0340","2","","","",""
"MISSING_IN_CATALOG","CHN","CN","Tang Shan","INS-CHN-0084;INS-CHN-0095;INS-CHN-0105","3","","","",""
"MISSING_IN_CATALOG","CHN","CN","Tian Jin","INS-CHN-0061;INS-CHN-0062;INS-CHN-0063;INS-CHN-0064;INS-CHN-0065;INS-CHN-0066;INS-CHN-0067;INS-CHN-0068;INS-CHN-0069;INS-CHN-0070;INS-CHN-0071;INS-CHN-0072;INS-CHN-0073;INS-CHN-0074;INS-CHN-0075;INS-CHN-0076;INS-CHN-0077;INS-CHN-0078;INS-CHN-0079;INS-CHN-0083","20","","","",""
"MISSING_IN_CATALOG","CHN","CN","Tian Shui","INS-CHN-0798","1","","","",""
"MISSING_IN_CATALOG","CHN","CN","Tong Hua","INS-CHN-0207","1","","","",""
"MISSING_IN_CATALOG","CHN","CN","Tong Liao","INS-CHN-0146","1","","","",""
"MISSING_IN_CATALOG","CHN","CN","Tong Ling","INS-CHN-0384","1","","","",""
"MISSING_IN_CATALOG","CHN","CN","Tong Ren","INS-CHN-0715","1","","","",""
"MISSING_IN_CATALOG","CHN","CN","Wei Fang","INS-CHN-0450;INS-CHN-0472","2","","","",""
"MISSING_IN_CATALOG","CHN","CN","Wei Nan","INS-CHN-0775","1","","","",""
"MISSING_IN_CATALOG","CHN","CN","Wen Shan Zhuang Zu Miao Zu Zi Zhi Zhou","INS-CHN-0749","1","","","",""
"MISSING_IN_CATALOG","CHN","CN","Wen Zhou","INS-CHN-0334;INS-CHN-0341;INS-CHN-0361","3","","","",""
"MISSING_IN_CATALOG","CHN","CN","Wu Hu","INS-CHN-0367;INS-CHN-0371;INS-CHN-0373","3","","","",""
"MISSING_IN_CATALOG","CHN","CN","Wu Lan Cha Bu","INS-CHN-0150","1","","","",""
"MISSING_IN_CATALOG","CHN","CN","Wu Lu Mu Qi","INS-CHN-0814;INS-CHN-0816;INS-CHN-0818;INS-CHN-0819;INS-CHN-0822;INS-CHN-0823;INS-CHN-0824;INS-CHN-0826","8","","","",""
"MISSING_IN_CATALOG","CHN","CN","Wu Xi","INS-CHN-0291","1","","","",""
"MISSING_IN_CATALOG","CHN","CN","Wu Yi","INS-CHN-0520;INS-CHN-0521;INS-CHN-0522;INS-CHN-0524;INS-CHN-0525;INS-CHN-0526;INS-CHN-0527;INS-CHN-0528;INS-CHN-0529;INS-CHN-0530;INS-CHN-0531;INS-CHN-0532;INS-CHN-0533;INS-CHN-0539;INS-CHN-0540;INS-CHN-0541;INS-CHN-0542;INS-CHN-0548;INS-CHN-0550;INS-CHN-0552;INS-CHN-0553;INS-CHN-0554;INS-CHN-0555","23","","","",""
"MISSING_IN_CATALOG","CHN","CN","Wu Zhou","INS-CHN-0644","1","","","",""
"MISSING_IN_CATALOG","CHN","CN","Xi Zhu","INS-CHN-0807;INS-CHN-0808;INS-CHN-0809","3","","","",""
"MISSING_IN_CATALOG","CHN","CN","Xian Yang","INS-CHN-0753;INS-CHN-0768;INS-CHN-0769;INS-CHN-0774","4","","","",""
"MISSING_IN_CATALOG","CHN","CN","Xian Zhu","INS-CHN-0546","1","","","",""
"MISSING_IN_CATALOG","CHN","CN","Xiang Tan","INS-CHN-0556;INS-CHN-0560;INS-CHN-0577","3","","","",""
"MISSING_IN_CATALOG","CHN","CN","Xiang Xi Tu Jia Zu Miao Zu Zi Zhi Zhou","INS-CHN-0557","1","","","",""
"MISSING_IN_CATALOG","CHN","CN","Xiang Yang","INS-CHN-0538","1","","","",""
"MISSING_IN_CATALOG","CHN","CN","Xiao Gan","INS-CHN-0544","1","","","",""
"MISSING_IN_CATALOG","CHN","CN","Xin Xiang","INS-CHN-0490;INS-CHN-0493;INS-CHN-0495;INS-CHN-0509;INS-CHN-0511","5","","","",""
"MISSING_IN_CATALOG","CHN","CN","Xin Yang","INS-CHN-0496;INS-CHN-0510","2","","","",""
"MISSING_IN_CATALOG","CHN","CN","Xin Yu","INS-CHN-0434","1","","","",""
"MISSING_IN_CATALOG","CHN","CN","Xin Zhou","INS-CHN-0130","1","","","",""
"MISSING_IN_CATALOG","CHN","CN","Xing Tai","INS-CHN-0100","1","","","",""
"MISSING_IN_CATALOG","CHN","CN","Xu Chang","INS-CHN-0499","1","","","",""
"MISSING_IN_CATALOG","CHN","CN","Xu Zhou","INS-CHN-0286;INS-CHN-0299;INS-CHN-0303;INS-CHN-0320","4","","","",""
"MISSING_IN_CATALOG","CHN","CN","Ya An","INS-CHN-0684","1","","","",""
"MISSING_IN_CATALOG","CHN","CN","Yan An","INS-CHN-0771","1","","","",""
"MISSING_IN_CATALOG","CHN","CN","Yan Bian Zhao Xian Zu Zi Zhi Zhou","INS-CHN-0197","1","","","",""
"MISSING_IN_CATALOG","CHN","CN","Yan Cheng","INS-CHN-0296;INS-CHN-0305","2","","","",""
"MISSING_IN_CATALOG","CHN","CN","Yan Tai","INS-CHN-0460;INS-CHN-0471;INS-CHN-0475","3","","","",""
"MISSING_IN_CATALOG","CHN","CN","Yan Zhou","INS-CHN-0587;INS-CHN-0588;INS-CHN-0590;INS-CHN-0591;INS-CHN-0593;INS-CHN-0595;INS-CHN-0596;INS-CHN-0597;INS-CHN-0604;INS-CHN-0605;INS-CHN-0606;INS-CHN-0607;INS-CHN-0609;INS-CHN-0610;INS-CHN-0611;INS-CHN-0612;INS-CHN-0613;INS-CHN-0615;INS-CHN-0618;INS-CHN-0619;INS-CHN-0621;INS-CHN-0622","22","","","",""
"MISSING_IN_CATALOG","CHN","CN","Yang Quan","INS-CHN-0138","1","","","",""
"MISSING_IN_CATALOG","CHN","CN","Yang Zhou","INS-CHN-0314","1","","","",""
"MISSING_IN_CATALOG","CHN","CN","Yi Bin","INS-CHN-0693","1","","","",""
"MISSING_IN_CATALOG","CHN","CN","Yi Chang","INS-CHN-0549","1","","","",""
"MISSING_IN_CATALOG","CHN","CN","Yi Chun","INS-CHN-0425","1","","","",""
"MISSING_IN_CATALOG","CHN","CN","Yi Li Ha Sa Ke Zi Zhi Zhou","INS-CHN-0821","1","","","",""
"MISSING_IN_CATALOG","CHN","CN","Yi Yang","INS-CHN-0578","1","","","",""
"MISSING_IN_CATALOG","CHN","CN","Yi Zhong","INS-CHN-0772","1","","","",""
"MISSING_IN_CATALOG","CHN","CN","Yin Chuan","INS-CHN-0810;INS-CHN-0811;INS-CHN-0813","3","","","",""
"MISSING_IN_CATALOG","CHN","CN","Ying Kou","INS-CHN-0195","1","","","",""
"MISSING_IN_CATALOG","CHN","CN","Yong Zhou","INS-CHN-0572","1","","","",""
"MISSING_IN_CATALOG","CHN","CN","Yu Lin","INS-CHN-0640;INS-CHN-0782","2","","","",""
"MISSING_IN_CATALOG","CHN","CN","Yu Xi","INS-CHN-0745","1","","","",""
"MISSING_IN_CATALOG","CHN","CN","Yue Yang","INS-CHN-0566","1","","","",""
"MISSING_IN_CATALOG","CHN","CN","Yun Cheng","INS-CHN-0129","1","","","",""
"MISSING_IN_CATALOG","CHN","CN","Zao Zhuang","INS-CHN-0468","1","","","",""
"MISSING_IN_CATALOG","CHN","CN","Zhan Jiang","INS-CHN-0592;INS-CHN-0594;INS-CHN-0601","3","","","",""
"MISSING_IN_CATALOG","CHN","CN","Zhang Jia Kou","INS-CHN-0086;INS-CHN-0090;INS-CHN-0115","3","","","",""
"MISSING_IN_CATALOG","CHN","CN","Zhang Yi","INS-CHN-0799","1","","","",""
"MISSING_IN_CATALOG","CHN","CN","Zhang Zhou","INS-CHN-0405","1","","","",""
"MISSING_IN_CATALOG","CHN","CN","Zhao Qing","INS-CHN-0602","1","","","",""
"MISSING_IN_CATALOG","CHN","CN","Zhao Tong","INS-CHN-0737","1","","","",""
"MISSING_IN_CATALOG","CHN","CN","Zhen Jiang","INS-CHN-0285;INS-CHN-0293","2","","","",""
"MISSING_IN_CATALOG","CHN","CN","Zheng Zhou","INS-CHN-0482;INS-CHN-0483;INS-CHN-0485;INS-CHN-0486;INS-CHN-0488;INS-CHN-0489;INS-CHN-0491;INS-CHN-0492;INS-CHN-0503;INS-CHN-0504;INS-CHN-0507;INS-CHN-0513;INS-CHN-0514;INS-CHN-0517;INS-CHN-0518;INS-CHN-0519","16","","","",""
"MISSING_IN_CATALOG","CHN","CN","Zhong Qing","INS-CHN-0657;INS-CHN-0658;INS-CHN-0659;INS-CHN-0660;INS-CHN-0661;INS-CHN-0662;INS-CHN-0663;INS-CHN-0664;INS-CHN-0665;INS-CHN-0666;INS-CHN-0667;INS-CHN-0668;INS-CHN-0669;INS-CHN-0670;INS-CHN-0671;INS-CHN-0672;INS-CHN-0673","17","","","",""
"MISSING_IN_CATALOG","CHN","CN","Zhou Kou","INS-CHN-0497","1","","","",""
"MISSING_IN_CATALOG","CHN","CN","Zhou Shan","INS-CHN-0332","1","","","",""
"MISSING_IN_CATALOG","CHN","CN","Zhu Bo","INS-CHN-0347;INS-CHN-0348;INS-CHN-0350;INS-CHN-0355;INS-CHN-0360","5","","","",""
"MISSING_IN_CATALOG","CHN","CN","Zhu De","INS-CHN-0403","1","","","",""
"MISSING_IN_CATALOG","CHN","CN","Zhu Hai","INS-CHN-0624","1","","","",""
"MISSING_IN_CATALOG","CHN","CN","Zhu Ma Dian","INS-CHN-0505","1","","","",""
"MISSING_IN_CATALOG","CHN","CN","Zhu Zhou","INS-CHN-0582","1","","","",""
"MISSING_IN_CATALOG","CHN","CN","Zi Bo","INS-CHN-0447","1","","","",""
"MISSING_IN_CATALOG","CHN","CN","Zi Gong","INS-CHN-0681","1","","","",""
"MISSING_IN_CATALOG","CHN","CN","Zun Yi","INS-CHN-0711;INS-CHN-0714","2","","","",""
"MISSING_IN_CATALOG","CIV","CI","Azaguié","INS-CIV-0038","1","","","",""
"MISSING_IN_CATALOG","CIV","CI","Bonoua","INS-CIV-0055","1","","","",""
"MISSING_IN_CATALOG","CIV","CI","Songon","INS-CIV-0042","1","","","",""
"MISSING_IN_CATALOG","CMR","CM","Bangangté","INS-CMR-0018","1","","","",""
"MISSING_IN_CATALOG","CMR","CM","Nanga-Eboko","INS-CMR-0017","1","","","",""
"MISSING_IN_CATALOG","CMR","CM","Soa","INS-CMR-0011","1","","","",""
"MISSING_IN_CATALOG","COD","CD","Kabare","INS-COD-0038","1","","","",""
"MISSING_IN_CATALOG","COD","CD","Kalima","INS-COD-0040","1","","","",""
"MISSING_IN_CATALOG","COD","CD","Kasa-Vubu","INS-COD-0009","1","","","",""
"MISSING_IN_CATALOG","COD","CD","Lubefu","INS-COD-0050","1","","","",""
"MISSING_IN_CATALOG","COD","CD","Luozi","INS-COD-0045","1","","","",""
"MISSING_IN_CATALOG","COD","CD","Malemba-Nkulu","INS-COD-0031","1","","","",""
"MISSING_IN_CATALOG","COD","CD","Mulo","INS-COD-0064","1","","","",""
"MISSING_IN_CATALOG","COD","CD","Mulungwishi","INS-COD-0048","1","","","",""
"MISSING_IN_CATALOG","COD","CD","Songololo","INS-COD-0060","1","","","",""
"MISSING_IN_CATALOG","COG","CG","Kintélé","INS-COG-0002","1","","","",""
"MISSING_IN_CATALOG","COG","CG","Liambou","INS-COG-0003","1","","","",""
"MISSING_IN_CATALOG","COG","CG","Loango","INS-COG-0004","1","","","",""
"MISSING_IN_CATALOG","COL","CO","Pamplona","INS-COL-0021","1","","","",""
"MISSING_IN_CATALOG","CRI","CR","Curridabat","INS-CRI-0006","1","","","",""
"MISSING_IN_CATALOG","CRI","CR","Guácimo","INS-CRI-0025","1","","","",""
"MISSING_IN_CATALOG","CRI","CR","Pérez Zeledón","INS-CRI-0036","1","","","",""
"MISSING_IN_CATALOG","CRI","CR","San Pedro","INS-CRI-0031;INS-CRI-0040;INS-CRI-0044","3","","","",""
"MISSING_IN_CATALOG","CRI","CR","Tilarán","INS-CRI-0037","1","","","",""
"MISSING_IN_CATALOG","CYP","CY","Pafos","INS-CYP-0006","1","","","",""
"MISSING_IN_CATALOG","CYP","CY","Pyla","INS-CYP-0009","1","","","",""
"MISSING_IN_CATALOG","CZE","CZ","Mladá Boleslav","INS-CZE-0026","1","","","",""
"MISSING_IN_CATALOG","CZE","CZ","Pilsen","INS-CZE-0042","1","","","",""
"MISSING_IN_CATALOG","DEU","DE","Amberg","INS-DEU-0098","1","","","",""
"MISSING_IN_CATALOG","DEU","DE","Ansbach","INS-DEU-0100","1","","","",""
"MISSING_IN_CATALOG","DEU","DE","Biberach an der Riß","INS-DEU-0107","1","","","",""
"MISSING_IN_CATALOG","DEU","DE","Bingen am Rhein","INS-DEU-0109","1","","","",""
"MISSING_IN_CATALOG","DEU","DE","Brandenburg an der Havel","INS-DEU-0112","1","","","",""
"MISSING_IN_CATALOG","DEU","DE","Bremerhaven","INS-DEU-0114","1","","","",""
"MISSING_IN_CATALOG","DEU","DE","Clausthal-Zellerfeld","INS-DEU-0017","1","","","",""
"MISSING_IN_CATALOG","DEU","DE","Coburg","INS-DEU-0115","1","","","",""
"MISSING_IN_CATALOG","DEU","DE","Cologne","INS-DEU-0176;INS-DEU-0018","2","","","",""
"MISSING_IN_CATALOG","DEU","DE","Eberswalde","INS-DEU-0120","1","","","",""
"MISSING_IN_CATALOG","DEU","DE","Eichstätt","INS-DEU-0024","1","","","",""
"MISSING_IN_CATALOG","DEU","DE","Erfurt","INS-DEU-0122;INS-DEU-0172;INS-DEU-0025","3","","","",""
"MISSING_IN_CATALOG","DEU","DE","Esslingen am Neckar","INS-DEU-0123","1","","","",""
"MISSING_IN_CATALOG","DEU","DE","Frankfurt am Main","INS-DEU-0125;INS-DEU-0028","2","","","",""
"MISSING_IN_CATALOG","DEU","DE","Friedrichshafen","INS-DEU-0087","1","","","",""
"MISSING_IN_CATALOG","DEU","DE","Furtwangen","INS-DEU-0126","1","","","",""
"MISSING_IN_CATALOG","DEU","DE","Geisenheim","INS-DEU-0128","1","","","",""
"MISSING_IN_CATALOG","DEU","DE","Halle (Saale)","INS-DEU-0034","1","","","",""
"MISSING_IN_CATALOG","DEU","DE","Hanover","INS-DEU-0040;INS-DEU-0132;INS-DEU-0039;INS-DEU-0041","4","","","",""
"MISSING_IN_CATALOG","DEU","DE","Idstein","INS-DEU-0177","1","","","",""
"MISSING_IN_CATALOG","DEU","DE","Ilmenau","INS-DEU-0045","1","","","",""
"MISSING_IN_CATALOG","DEU","DE","Konstanz","INS-DEU-0142;INS-DEU-0052","2","","","",""
"MISSING_IN_CATALOG","DEU","DE","Köthen","INS-DEU-0099","1","","","",""
"MISSING_IN_CATALOG","DEU","DE","Merseburg","INS-DEU-0148","1","","","",""
"MISSING_IN_CATALOG","DEU","DE","Mülheim an der Ruhr","INS-DEU-0163","1","","","",""
"MISSING_IN_CATALOG","DEU","DE","Neubiberg","INS-DEU-0062","1","","","",""
"MISSING_IN_CATALOG","DEU","DE","Nordhausen","INS-DEU-0153","1","","","",""
"MISSING_IN_CATALOG","DEU","DE","Rostock","INS-DEU-0070","1","","","",""
"MISSING_IN_CATALOG","DEU","DE","Sankt Augustin","INS-DEU-0111","1","","","",""
"MISSING_IN_CATALOG","DEU","DE","Schmalkalden","INS-DEU-0164","1","","","",""
"MISSING_IN_CATALOG","DEU","DE","Sigmaringen","INS-DEU-0097","1","","","",""
"MISSING_IN_CATALOG","DEU","DE","Vallendar","INS-DEU-0086","1","","","",""
"MISSING_IN_CATALOG","DEU","DE","Vechta","INS-DEU-0078","1","","","",""
"MISSING_IN_CATALOG","DEU","DE","Weingarten","INS-DEU-0159","1","","","",""
"MISSING_IN_CATALOG","DEU","DE","Wernigerode","INS-DEU-0133","1","","","",""
"MISSING_IN_CATALOG","DEU","DE","Wismar","INS-DEU-0169","1","","","",""
"MISSING_IN_CATALOG","DEU","DE","Witten","INS-DEU-0085","1","","","",""
"MISSING_IN_CATALOG","DEU","DE","Zittau","INS-DEU-0171","1","","","",""
"MISSING_IN_CATALOG","DJI","DJ","Djibouti City","INS-DJI-0001;INS-DJI-0002","2","","","",""
"MISSING_IN_CATALOG","DMA","DM","Portsmouth","INS-DMA-0002","1","","","",""
"MISSING_IN_CATALOG","DNK","DK","Frederiksberg","INS-DNK-0004","1","","","",""
"MISSING_IN_CATALOG","DNK","DK","Kongens Lyngby","INS-DNK-0010","1","","","",""
"MISSING_IN_CATALOG","DNK","DK","Sorø","INS-DNK-0012","1","","","",""
"MISSING_IN_CATALOG","DOM","DO","Azua de Compostela","INS-DOM-0039","1","","","",""
"MISSING_IN_CATALOG","DOM","DO","Santiago de los Caballeros","INS-DOM-0012","1","","","",""
"MISSING_IN_CATALOG","DZA","DZ","El Affroun","INS-DZA-0012","1","","","",""
"MISSING_IN_CATALOG","DZA","DZ","Tipaza","INS-DZA-0018","1","","","",""
"MISSING_IN_CATALOG","ECU","EC","Calceta","INS-ECU-0003","1","","","",""
"MISSING_IN_CATALOG","ECU","EC","Durán","INS-ECU-0054","1","","","",""
"MISSING_IN_CATALOG","ECU","EC","Jipijapa","INS-ECU-0024","1","","","",""
"MISSING_IN_CATALOG","ECU","EC","Otavalo","INS-ECU-0048","1","","","",""
"MISSING_IN_CATALOG","ECU","EC","Urcuquí","INS-ECU-0032","1","","","",""
"MISSING_IN_CATALOG","EGY","EG","10th of Ramadan City","INS-EGY-0055;INS-EGY-0076;INS-EGY-0123","3","","","",""
"MISSING_IN_CATALOG","EGY","EG","15th of May City","INS-EGY-0054","1","","","",""
"MISSING_IN_CATALOG","EGY","EG","6th of October City","INS-EGY-0029;INS-EGY-0030;INS-EGY-0031;INS-EGY-0035;INS-EGY-0061;INS-EGY-0117","6","","","",""
"MISSING_IN_CATALOG","EGY","EG","Al-Tor","INS-EGY-0068","1","","","",""
"MISSING_IN_CATALOG","EGY","EG","Assiut","INS-EGY-0004;INS-EGY-0122","2","","","",""
"MISSING_IN_CATALOG","EGY","EG","Badr City","INS-EGY-0041;INS-EGY-0045;INS-EGY-0124","3","","","",""
"MISSING_IN_CATALOG","EGY","EG","Benha","INS-EGY-0015","1","","","",""
"MISSING_IN_CATALOG","EGY","EG","Beni Suef","INS-EGY-0013;INS-EGY-0113","2","","","",""
"MISSING_IN_CATALOG","EGY","EG","Damanhour","INS-EGY-0019;INS-EGY-0091","2","","","",""
"MISSING_IN_CATALOG","EGY","EG","East Port Said","INS-EGY-0119","1","","","",""
"MISSING_IN_CATALOG","EGY","EG","El Arish","INS-EGY-0024;INS-EGY-0037","2","","","",""
"MISSING_IN_CATALOG","EGY","EG","El Gouna","INS-EGY-0107","1","","","",""
"MISSING_IN_CATALOG","EGY","EG","El Shorouk","INS-EGY-0036;INS-EGY-0086;INS-EGY-0110","3","","","",""
"MISSING_IN_CATALOG","EGY","EG","Fayoum","INS-EGY-0014;INS-EGY-0060;INS-EGY-0097;INS-EGY-0121","4","","","",""
"MISSING_IN_CATALOG","EGY","EG","Galala","INS-EGY-0070","1","","","",""
"MISSING_IN_CATALOG","EGY","EG","Gamasa","INS-EGY-0042;INS-EGY-0075","2","","","",""
"MISSING_IN_CATALOG","EGY","EG","Helwan","INS-EGY-0073;INS-EGY-0120","2","","","",""
"MISSING_IN_CATALOG","EGY","EG","Hurghada","INS-EGY-0028","1","","","",""
"MISSING_IN_CATALOG","EGY","EG","Kafr El Sheikh","INS-EGY-0016;INS-EGY-0095","2","","","",""
"MISSING_IN_CATALOG","EGY","EG","Kafr El Zayat","INS-EGY-0049","1","","","",""
"MISSING_IN_CATALOG","EGY","EG","Kharga","INS-EGY-0025;INS-EGY-0096","2","","","",""
"MISSING_IN_CATALOG","EGY","EG","Mansoura","INS-EGY-0006","1","","","",""
"MISSING_IN_CATALOG","EGY","EG","Marsa Matrouh","INS-EGY-0026","1","","","",""
"MISSING_IN_CATALOG","EGY","EG","Minia","INS-EGY-0009","1","","","",""
"MISSING_IN_CATALOG","EGY","EG","New Administrative Capital","INS-EGY-0065;INS-EGY-0087;INS-EGY-0093;INS-EGY-0100;INS-EGY-0105","5","","","",""
"MISSING_IN_CATALOG","EGY","EG","New Alamein","INS-EGY-0063;INS-EGY-0069","2","","","",""
"MISSING_IN_CATALOG","EGY","EG","New Assiut","INS-EGY-0051;INS-EGY-0052;INS-EGY-0081;INS-EGY-0114","4","","","",""
"MISSING_IN_CATALOG","EGY","EG","New Beni Suef","INS-EGY-0040;INS-EGY-0079","2","","","",""
"MISSING_IN_CATALOG","EGY","EG","New Borg El Arab","INS-EGY-0104;INS-EGY-0115","2","","","",""
"MISSING_IN_CATALOG","EGY","EG","New Cairo","INS-EGY-0032;INS-EGY-0033;INS-EGY-0038;INS-EGY-0103;INS-EGY-0111","5","","","",""
"MISSING_IN_CATALOG","EGY","EG","New Damietta","INS-EGY-0021;INS-EGY-0047;INS-EGY-0090","3","","","",""
"MISSING_IN_CATALOG","EGY","EG","New Ismailia","INS-EGY-0080","1","","","",""
"MISSING_IN_CATALOG","EGY","EG","New Mansoura","INS-EGY-0071","1","","","",""
"MISSING_IN_CATALOG","EGY","EG","New Minia","INS-EGY-0044;INS-EGY-0059;INS-EGY-0078","3","","","",""
"MISSING_IN_CATALOG","EGY","EG","New Salhiya","INS-EGY-0050","1","","","",""
"MISSING_IN_CATALOG","EGY","EG","New Sohag","INS-EGY-0053;INS-EGY-0094","2","","","",""
"MISSING_IN_CATALOG","EGY","EG","New Thebes","INS-EGY-0116","1","","","",""
"MISSING_IN_CATALOG","EGY","EG","Obour City","INS-EGY-0062;INS-EGY-0074","2","","","",""
"MISSING_IN_CATALOG","EGY","EG","Qena","INS-EGY-0012;INS-EGY-0083","2","","","",""
"MISSING_IN_CATALOG","EGY","EG","Quesna","INS-EGY-0112","1","","","",""
"MISSING_IN_CATALOG","EGY","EG","Rashid","INS-EGY-0064","1","","","",""
"MISSING_IN_CATALOG","EGY","EG","Sadat City","INS-EGY-0023;INS-EGY-0056;INS-EGY-0077;INS-EGY-0099","4","","","",""
"MISSING_IN_CATALOG","EGY","EG","Salam City","INS-EGY-0082","1","","","",""
"MISSING_IN_CATALOG","EGY","EG","Samanoud","INS-EGY-0118","1","","","",""
"MISSING_IN_CATALOG","EGY","EG","Shebin El Kom","INS-EGY-0010","1","","","",""
"MISSING_IN_CATALOG","EGY","EG","Sheikh Zayed City","INS-EGY-0084","1","","","",""
"MISSING_IN_CATALOG","EGY","EG","Sohag","INS-EGY-0017","1","","","",""
"MISSING_IN_CATALOG","EGY","EG","Zagazig","INS-EGY-0007","1","","","",""
"MISSING_IN_CATALOG","ERI","ER","Mai Nefhi","INS-ERI-0001","1","","","",""
"MISSING_IN_CATALOG","ESP","ES","Arrasate","INS-ESP-0074","1","","","",""
"MISSING_IN_CATALOG","ESP","ES","Bellaterra","INS-ESP-0005","1","","","",""
"MISSING_IN_CATALOG","ESP","ES","Bormujos","INS-ESP-0088","1","","","",""
"MISSING_IN_CATALOG","ESP","ES","Castelló de la Plana","INS-ESP-0021","1","","","",""
"MISSING_IN_CATALOG","ESP","ES","La Orotava","INS-ESP-0061","1","","","",""
"MISSING_IN_CATALOG","ESP","ES","Las Palmas de Gran Canaria","INS-ESP-0093;INS-ESP-0024;INS-ESP-0054","3","","","",""
"MISSING_IN_CATALOG","ESP","ES","Leioa","INS-ESP-0032","1","","","",""
"MISSING_IN_CATALOG","ESP","ES","Pozuelo de Alarcón","INS-ESP-0087;INS-ESP-0066","2","","","",""
"MISSING_IN_CATALOG","ESP","ES","San Cristóbal de La Laguna","INS-ESP-0022","1","","","",""
"MISSING_IN_CATALOG","ESP","ES","Santa María de Guía","INS-ESP-0065","1","","","",""
"MISSING_IN_CATALOG","ESP","ES","Seville","INS-ESP-0049;INS-ESP-0073;INS-ESP-0031;INS-ESP-0043","4","","","",""
"MISSING_IN_CATALOG","ESP","ES","Vic","INS-ESP-0083","1","","","",""
"MISSING_IN_CATALOG","ESP","ES","Villanueva de Gállego","INS-ESP-0080","1","","","",""
"MISSING_IN_CATALOG","ESP","ES","Villanueva de la Cañada","INS-ESP-0052;INS-ESP-0055","2","","","",""
"MISSING_IN_CATALOG","ESP","ES","Villaviciosa de Odón","INS-ESP-0062","1","","","",""
"MISSING_IN_CATALOG","ETH","ET","Adama","INS-ETH-0001","1","","","",""
"MISSING_IN_CATALOG","ETH","ET","Ambo","INS-ETH-0006","1","","","",""
"MISSING_IN_CATALOG","ETH","ET","Asella","INS-ETH-0008","1","","","",""
"MISSING_IN_CATALOG","ETH","ET","Assosa","INS-ETH-0009","1","","","",""
"MISSING_IN_CATALOG","ETH","ET","Bale Robe","INS-ETH-0032","1","","","",""
"MISSING_IN_CATALOG","ETH","ET","Bule Hora","INS-ETH-0013","1","","","",""
"MISSING_IN_CATALOG","ETH","ET","Chiro","INS-ETH-0037","1","","","",""
"MISSING_IN_CATALOG","ETH","ET","Debark","INS-ETH-0014","1","","","",""
"MISSING_IN_CATALOG","ETH","ET","Debre Berhan","INS-ETH-0015","1","","","",""
"MISSING_IN_CATALOG","ETH","ET","Debre Markos","INS-ETH-0016","1","","","",""
"MISSING_IN_CATALOG","ETH","ET","Dembi Dolo","INS-ETH-0018","1","","","",""
"MISSING_IN_CATALOG","ETH","ET","Dessie","INS-ETH-0051","1","","","",""
"MISSING_IN_CATALOG","ETH","ET","Dilla","INS-ETH-0019","1","","","",""
"MISSING_IN_CATALOG","ETH","ET","Fiche","INS-ETH-0042","1","","","",""
"MISSING_IN_CATALOG","ETH","ET","Gondar","INS-ETH-0017;INS-ETH-0044","2","","","",""
"MISSING_IN_CATALOG","ETH","ET","Haramaya","INS-ETH-0024","1","","","",""
"MISSING_IN_CATALOG","ETH","ET","Hawassa","INS-ETH-0025","1","","","",""
"MISSING_IN_CATALOG","ETH","ET","Hosaena","INS-ETH-0045","1","","","",""
"MISSING_IN_CATALOG","ETH","ET","Injibara","INS-ETH-0026","1","","","",""
"MISSING_IN_CATALOG","ETH","ET","Jigjiga","INS-ETH-0027","1","","","",""
"MISSING_IN_CATALOG","ETH","ET","Jimma","INS-ETH-0028","1","","","",""
"MISSING_IN_CATALOG","ETH","ET","Jinka","INS-ETH-0029","1","","","",""
"MISSING_IN_CATALOG","ETH","ET","Kebri Dahar","INS-ETH-0030","1","","","",""
"MISSING_IN_CATALOG","ETH","ET","Maichew","INS-ETH-0039","1","","","",""
"MISSING_IN_CATALOG","ETH","ET","Mekelle","INS-ETH-0035","1","","","",""
"MISSING_IN_CATALOG","ETH","ET","Metu","INS-ETH-0033","1","","","",""
"MISSING_IN_CATALOG","ETH","ET","Nekemte","INS-ETH-0050","1","","","",""
"MISSING_IN_CATALOG","ETH","ET","Sendafa","INS-ETH-0022","1","","","",""
"MISSING_IN_CATALOG","ETH","ET","Tulu Awlia","INS-ETH-0034","1","","","",""
"MISSING_IN_CATALOG","ETH","ET","Welkite","INS-ETH-0049","1","","","",""
"MISSING_IN_CATALOG","ETH","ET","Woldiya","INS-ETH-0048","1","","","",""
"MISSING_IN_CATALOG","ETH","ET","Worabe","INS-ETH-0046","1","","","",""
"MISSING_IN_CATALOG","ETH","ET","Ziway","INS-ETH-0038","1","","","",""
"MISSING_IN_CATALOG","FJI","FJ","Nasinu","INS-FJI-0001","1","","","",""
"MISSING_IN_CATALOG","FRA","FR","Bruz","INS-FRA-0113","1","","","",""
"MISSING_IN_CATALOG","FRA","FR","Cayenne","INS-FRA-0069","1","","","",""
"MISSING_IN_CATALOG","FRA","FR","Champs-sur-Marne","INS-FRA-0015;INS-FRA-0105","2","","","",""
"MISSING_IN_CATALOG","FRA","FR","Corte","INS-FRA-0012","1","","","",""
"MISSING_IN_CATALOG","FRA","FR","Écully","INS-FRA-0084","1","","","",""
"MISSING_IN_CATALOG","FRA","FR","Évry-Courcouronnes","INS-FRA-0046","1","","","",""
"MISSING_IN_CATALOG","FRA","FR","Gif-sur-Yvette","INS-FRA-0083;INS-FRA-0042;INS-FRA-0081","3","","","",""
"MISSING_IN_CATALOG","FRA","FR","Marcy-l'Étoile","INS-FRA-0091","1","","","",""
"MISSING_IN_CATALOG","FRA","FR","Mont-Saint-Aignan","INS-FRA-0055","1","","","",""
"MISSING_IN_CATALOG","FRA","FR","Nouméa","INS-FRA-0070","1","","","",""
"MISSING_IN_CATALOG","FRA","FR","Pessac","INS-FRA-0006","1","","","",""
"MISSING_IN_CATALOG","FRA","FR","Pointe-à-Pitre","INS-FRA-0072","1","","","",""
"MISSING_IN_CATALOG","FRA","FR","Punaauia","INS-FRA-0071","1","","","",""
"MISSING_IN_CATALOG","FRA","FR","Saint-Étienne-du-Rouvray","INS-FRA-0097","1","","","",""
"MISSING_IN_CATALOG","FRA","FR","Saint-Martin-d'Hères","INS-FRA-0014","1","","","",""
"MISSING_IN_CATALOG","FRA","FR","Talence","INS-FRA-0110","1","","","",""
"MISSING_IN_CATALOG","FRA","FR","Villeneuve-d'Ascq","INS-FRA-0086","1","","","",""
"MISSING_IN_CATALOG","FRA","FR","Villetaneuse","INS-FRA-0044","1","","","",""
"MISSING_IN_CATALOG","FRA","FR","Villeurbanne","INS-FRA-0022;INS-FRA-0094","2","","","",""
"MISSING_IN_CATALOG","GBR","GB","Aberystwyth","INS-GBR-0002","1","","","",""
"MISSING_IN_CATALOG","GBR","GB","Bangor","INS-GBR-0007","1","","","",""
"MISSING_IN_CATALOG","GBR","GB","Buckingham","INS-GBR-0096","1","","","",""
"MISSING_IN_CATALOG","GBR","GB","Canterbury","INS-GBR-0017;INS-GBR-0116","2","","","",""
"MISSING_IN_CATALOG","GBR","GB","Cardiff","INS-GBR-0018;INS-GBR-0019;INS-GBR-0145","3","","","",""
"MISSING_IN_CATALOG","GBR","GB","Carmarthen","INS-GBR-0146","1","","","",""
"MISSING_IN_CATALOG","GBR","GB","Chichester","INS-GBR-0100","1","","","",""
"MISSING_IN_CATALOG","GBR","GB","Cirencester","INS-GBR-0068","1","","","",""
"MISSING_IN_CATALOG","GBR","GB","Coleraine","INS-GBR-0085","1","","","",""
"MISSING_IN_CATALOG","GBR","GB","Cranfield","INS-GBR-0022","1","","","",""
"MISSING_IN_CATALOG","GBR","GB","Durham","INS-GBR-0024","1","","","",""
"MISSING_IN_CATALOG","GBR","GB","Egham","INS-GBR-0073","1","","","",""
"MISSING_IN_CATALOG","GBR","GB","Falmouth","INS-GBR-0027","1","","","",""
"MISSING_IN_CATALOG","GBR","GB","Farnham","INS-GBR-0088","1","","","",""
"MISSING_IN_CATALOG","GBR","GB","Hatfield","INS-GBR-0113","1","","","",""
"MISSING_IN_CATALOG","GBR","GB","Hull","INS-GBR-0115","1","","","",""
"MISSING_IN_CATALOG","GBR","GB","Inverness","INS-GBR-0142","1","","","",""
"MISSING_IN_CATALOG","GBR","GB","Keele","INS-GBR-0035","1","","","",""
"MISSING_IN_CATALOG","GBR","GB","Kingston upon Thames","INS-GBR-0037","1","","","",""
"MISSING_IN_CATALOG","GBR","GB","Lancaster","INS-GBR-0038","1","","","",""
"MISSING_IN_CATALOG","GBR","GB","Loughborough","INS-GBR-0049","1","","","",""
"MISSING_IN_CATALOG","GBR","GB","Musselburgh","INS-GBR-0058","1","","","",""
"MISSING_IN_CATALOG","GBR","GB","Newcastle upon Tyne","INS-GBR-0052;INS-GBR-0054","2","","","",""
"MISSING_IN_CATALOG","GBR","GB","Ormskirk","INS-GBR-0025","1","","","",""
"MISSING_IN_CATALOG","GBR","GB","Pontypridd","INS-GBR-0132","1","","","",""
"MISSING_IN_CATALOG","GBR","GB","Sidcup","INS-GBR-0066","1","","","",""
"MISSING_IN_CATALOG","GBR","GB","St Andrews","INS-GBR-0134","1","","","",""
"MISSING_IN_CATALOG","GBR","GB","Stirling","INS-GBR-0135","1","","","",""
"MISSING_IN_CATALOG","GBR","GB","Swansea","INS-GBR-0081","1","","","",""
"MISSING_IN_CATALOG","GBR","GB","Winchester","INS-GBR-0150","1","","","",""
"MISSING_IN_CATALOG","GBR","GB","Wrexham","INS-GBR-0154","1","","","",""
"MISSING_IN_CATALOG","GEO","GE","Akhaltsikhe","INS-GEO-0003;INS-GEO-0050","2","","","",""
"MISSING_IN_CATALOG","GEO","GE","Gremi","INS-GEO-0034","1","","","",""
"MISSING_IN_CATALOG","GEO","GE","Khulo","INS-GEO-0049","1","","","",""
"MISSING_IN_CATALOG","GHA","GH","Abetifi","INS-GHA-0042","1","","","",""
"MISSING_IN_CATALOG","GHA","GH","Abuakwa-Kumasi","INS-GHA-0022","1","","","",""
"MISSING_IN_CATALOG","GHA","GH","Accra North","INS-GHA-0012;INS-GHA-0024;INS-GHA-0035","3","","","",""
"MISSING_IN_CATALOG","GHA","GH","Berekuso","INS-GHA-0008","1","","","",""
"MISSING_IN_CATALOG","GHA","GH","Ejisu","INS-GHA-0047","1","","","",""
"MISSING_IN_CATALOG","GHA","GH","Kasoa","INS-GHA-0028","1","","","",""
"MISSING_IN_CATALOG","GHA","GH","Kuntenase","INS-GHA-0029","1","","","",""
"MISSING_IN_CATALOG","GHA","GH","Legon","INS-GHA-0057","1","","","",""
"MISSING_IN_CATALOG","GHA","GH","Manya Jorpanya","INS-GHA-0039","1","","","",""
"MISSING_IN_CATALOG","GHA","GH","Navrongo","INS-GHA-0010","1","","","",""
"MISSING_IN_CATALOG","GHA","GH","Santasi-Kumasi","INS-GHA-0016","1","","","",""
"MISSING_IN_CATALOG","GHA","GH","Somanya","INS-GHA-0056","1","","","",""
"MISSING_IN_CATALOG","GHA","GH","Takoradi","INS-GHA-0049","1","","","",""
"MISSING_IN_CATALOG","GHA","GH","Tarkwa","INS-GHA-0060","1","","","",""
"MISSING_IN_CATALOG","GHA","GH","Teshie","INS-GHA-0007","1","","","",""
"MISSING_IN_CATALOG","GIN","GN","Coyah","INS-GIN-0026","1","","","",""
"MISSING_IN_CATALOG","GIN","GN","Dalaba","INS-GIN-0023","1","","","",""
"MISSING_IN_CATALOG","GIN","GN","Dubréka","INS-GIN-0025","1","","","",""
"MISSING_IN_CATALOG","GMB","GM","Banjulinding","INS-GMB-0007","1","","","",""
"MISSING_IN_CATALOG","GMB","GM","Brusubi","INS-GMB-0005","1","","","",""
"MISSING_IN_CATALOG","GMB","GM","Kanifing","INS-GMB-0002;INS-GMB-0004;INS-GMB-0006;INS-GMB-0010","4","","","",""
"MISSING_IN_CATALOG","GMB","GM","Tallinding","INS-GMB-0008","1","","","",""
"MISSING_IN_CATALOG","GNB","GW","Biombo","INS-GNB-0004;INS-GNB-0005;INS-GNB-0008","3","","","",""
"MISSING_IN_CATALOG","GNQ","GQ","Ciudad de la Paz","INS-GNQ-0002","1","","","",""
"MISSING_IN_CATALOG","GRC","GR","Corfu","INS-GRC-0010","1","","","",""
"MISSING_IN_CATALOG","GRC","GR","Heraklion","INS-GRC-0007","1","","","",""
"MISSING_IN_CATALOG","GRC","GR","Mytilene","INS-GRC-0016","1","","","",""
"MISSING_IN_CATALOG","GRC","GR","Patras","INS-GRC-0008;INS-GRC-0020","2","","","",""
"MISSING_IN_CATALOG","GRD","","St. George's","INS-GRD-0001","1","","","",""
"MISSING_IN_CATALOG","GUY","GY","Providence","INS-GUY-0002","1","","","",""
"MISSING_IN_CATALOG","HND","HN","San Antonio de Oriente","INS-HND-0022","1","","","",""
"MISSING_IN_CATALOG","HTI","HT","Diquini","INS-HTI-0003","1","","","",""
"MISSING_IN_CATALOG","HTI","HT","Les Irois","INS-HTI-0009","1","","","",""
"MISSING_IN_CATALOG","HTI","HT","Limbé","INS-HTI-0007","1","","","",""
"MISSING_IN_CATALOG","HTI","HT","Titanyen","INS-HTI-0014","1","","","",""
"MISSING_IN_CATALOG","HUN","HU","Sárospatak","INS-HUN-0030","1","","","",""
"MISSING_IN_CATALOG","IDN","ID","Aceh Barat","INS-IDN-0563","1","","","",""
"MISSING_IN_CATALOG","IDN","ID","Aceh Besar","INS-IDN-0020","1","","","",""
"MISSING_IN_CATALOG","IDN","ID","Aceh Tengah","INS-IDN-0123","1","","","",""
"MISSING_IN_CATALOG","IDN","ID","Aceh Tenggara","INS-IDN-0132","1","","","",""
"MISSING_IN_CATALOG","IDN","ID","Aceh Utara","INS-IDN-0284","1","","","",""
"MISSING_IN_CATALOG","IDN","ID","Aimas","INS-IDN-0384","1","","","",""
"MISSING_IN_CATALOG","IDN","ID","Alor","INS-IDN-0572","1","","","",""
"MISSING_IN_CATALOG","IDN","ID","Arga Makmur","INS-IDN-0480","1","","","",""
"MISSING_IN_CATALOG","IDN","ID","Asahan","INS-IDN-0044","1","","","",""
"MISSING_IN_CATALOG","IDN","ID","Badung","INS-IDN-0584","1","","","",""
"MISSING_IN_CATALOG","IDN","ID","Banggai","INS-IDN-0326;INS-IDN-0570","2","","","",""
"MISSING_IN_CATALOG","IDN","ID","Bantul","INS-IDN-0355;INS-IDN-0465;INS-IDN-0553","3","","","",""
"MISSING_IN_CATALOG","IDN","ID","Banyumas","INS-IDN-0218;INS-IDN-0341;INS-IDN-0374","3","","","",""
"MISSING_IN_CATALOG","IDN","ID","Batam","INS-IDN-0058;INS-IDN-0155;INS-IDN-0476;INS-IDN-0484;INS-IDN-0585","5","","","",""
"MISSING_IN_CATALOG","IDN","ID","Baubau","INS-IDN-0099;INS-IDN-0313","2","","","",""
"MISSING_IN_CATALOG","IDN","ID","Berau","INS-IDN-0312","1","","","",""
"MISSING_IN_CATALOG","IDN","ID","Bireuen","INS-IDN-0032","1","","","",""
"MISSING_IN_CATALOG","IDN","ID","Blitar","INS-IDN-0164;INS-IDN-0366","2","","","",""
"MISSING_IN_CATALOG","IDN","ID","Bojonegoro","INS-IDN-0071;INS-IDN-0379","2","","","",""
"MISSING_IN_CATALOG","IDN","ID","Bondowoso","INS-IDN-0072","1","","","",""
"MISSING_IN_CATALOG","IDN","ID","Bontang","INS-IDN-0578","1","","","",""
"MISSING_IN_CATALOG","IDN","ID","Boyolali","INS-IDN-0076","1","","","",""
"MISSING_IN_CATALOG","IDN","ID","Brebes","INS-IDN-0307;INS-IDN-0449","2","","","",""
"MISSING_IN_CATALOG","IDN","ID","BSD City","INS-IDN-0271","1","","","",""
"MISSING_IN_CATALOG","IDN","ID","Bukittinggi","INS-IDN-0304","1","","","",""
"MISSING_IN_CATALOG","IDN","ID","Bungo","INS-IDN-0306","1","","","",""
"MISSING_IN_CATALOG","IDN","ID","Cipinang Melayu","INS-IDN-0406","1","","","",""
"MISSING_IN_CATALOG","IDN","ID","Deli Serdang","INS-IDN-0039;INS-IDN-0378","2","","","",""
"MISSING_IN_CATALOG","IDN","ID","Demak","INS-IDN-0530","1","","","",""
"MISSING_IN_CATALOG","IDN","ID","Dharmasraya","INS-IDN-0102","1","","","",""
"MISSING_IN_CATALOG","IDN","ID","Gresik","INS-IDN-0129;INS-IDN-0156;INS-IDN-0316","3","","","",""
"MISSING_IN_CATALOG","IDN","ID","Gunung Kidul","INS-IDN-0131","1","","","",""
"MISSING_IN_CATALOG","IDN","ID","Halmahera Utara","INS-IDN-0141","1","","","",""
"MISSING_IN_CATALOG","IDN","ID","Indragiri Hilir","INS-IDN-0169","1","","","",""
"MISSING_IN_CATALOG","IDN","ID","Jababeka","INS-IDN-0470","1","","","",""
"MISSING_IN_CATALOG","IDN","ID","Jakarta Pusat","INS-IDN-0515","1","","","",""
"MISSING_IN_CATALOG","IDN","ID","Jakarta Selatan","INS-IDN-0095","1","","","",""
"MISSING_IN_CATALOG","IDN","ID","Jombang","INS-IDN-0093;INS-IDN-0140;INS-IDN-0454","3","","","",""
"MISSING_IN_CATALOG","IDN","ID","Kabupaten Jombang","INS-IDN-0241","1","","","",""
"MISSING_IN_CATALOG","IDN","ID","Kampar","INS-IDN-0414","1","","","",""
"MISSING_IN_CATALOG","IDN","ID","Karimun","INS-IDN-0225","1","","","",""
"MISSING_IN_CATALOG","IDN","ID","Karo","INS-IDN-0226","1","","","",""
"MISSING_IN_CATALOG","IDN","ID","Kayu Agung","INS-IDN-0204","1","","","",""
"MISSING_IN_CATALOG","IDN","ID","Kebumen","INS-IDN-0275","1","","","",""
"MISSING_IN_CATALOG","IDN","ID","Kediri","INS-IDN-0173;INS-IDN-0220;INS-IDN-0221;INS-IDN-0411;INS-IDN-0433;INS-IDN-0589","6","","","",""
"MISSING_IN_CATALOG","IDN","ID","Kendal","INS-IDN-0508","1","","","",""
"MISSING_IN_CATALOG","IDN","ID","Klaten","INS-IDN-0592","1","","","",""
"MISSING_IN_CATALOG","IDN","ID","Kolaka","INS-IDN-0510","1","","","",""
"MISSING_IN_CATALOG","IDN","ID","Konawe","INS-IDN-0266","1","","","",""
"MISSING_IN_CATALOG","IDN","ID","Kota Palembang","INS-IDN-0531","1","","","",""
"MISSING_IN_CATALOG","IDN","ID","Kotamobagu","INS-IDN-0114","1","","","",""
"MISSING_IN_CATALOG","IDN","ID","Kuantan Singingi","INS-IDN-0175","1","","","",""
"MISSING_IN_CATALOG","IDN","ID","Kubang Putiah","INS-IDN-0611","1","","","",""
"MISSING_IN_CATALOG","IDN","ID","Kudus","INS-IDN-0322;INS-IDN-0360","2","","","",""
"MISSING_IN_CATALOG","IDN","ID","Kutai Kartanegara","INS-IDN-0264","1","","","",""
"MISSING_IN_CATALOG","IDN","ID","Labuhan Batu","INS-IDN-0037;INS-IDN-0176","2","","","",""
"MISSING_IN_CATALOG","IDN","ID","Lamongan","INS-IDN-0064;INS-IDN-0167;INS-IDN-0177;INS-IDN-0324","4","","","",""
"MISSING_IN_CATALOG","IDN","ID","Lampung Timur","INS-IDN-0372","1","","","",""
"MISSING_IN_CATALOG","IDN","ID","Langsa","INS-IDN-0489;INS-IDN-0495","2","","","",""
"MISSING_IN_CATALOG","IDN","ID","Lombok Timur","INS-IDN-0136","1","","","",""
"MISSING_IN_CATALOG","IDN","ID","Lubuklinggau","INS-IDN-0067;INS-IDN-0362;INS-IDN-0462","3","","","",""
"MISSING_IN_CATALOG","IDN","ID","Lumajang","INS-IDN-0272","1","","","",""
"MISSING_IN_CATALOG","IDN","ID","Madiun","INS-IDN-0237;INS-IDN-0294;INS-IDN-0457","3","","","",""
"MISSING_IN_CATALOG","IDN","ID","Magelang","INS-IDN-0327;INS-IDN-0564","2","","","",""
"MISSING_IN_CATALOG","IDN","ID","Magetan","INS-IDN-0112","1","","","",""
"MISSING_IN_CATALOG","IDN","ID","Mangupura","INS-IDN-0104","1","","","",""
"MISSING_IN_CATALOG","IDN","ID","Metro","INS-IDN-0332","1","","","",""
"MISSING_IN_CATALOG","IDN","ID","Minahasa","INS-IDN-0392","1","","","",""
"MISSING_IN_CATALOG","IDN","ID","Minahasa Utara","INS-IDN-0243","1","","","",""
"MISSING_IN_CATALOG","IDN","ID","Mojokerto","INS-IDN-0179;INS-IDN-0289","2","","","",""
"MISSING_IN_CATALOG","IDN","ID","Morotai","INS-IDN-0428","1","","","",""
"MISSING_IN_CATALOG","IDN","ID","Ngawi","INS-IDN-0523","1","","","",""
"MISSING_IN_CATALOG","IDN","ID","Ogan Komering Ulu","INS-IDN-0060","1","","","",""
"MISSING_IN_CATALOG","IDN","ID","Padang Sidempuan","INS-IDN-0128;INS-IDN-0353","2","","","",""
"MISSING_IN_CATALOG","IDN","ID","Padangpanjang","INS-IDN-0003","1","","","",""
"MISSING_IN_CATALOG","IDN","ID","Palangka Raya","INS-IDN-0256;INS-IDN-0333;INS-IDN-0416;INS-IDN-0458","4","","","",""
"MISSING_IN_CATALOG","IDN","ID","Palopo","INS-IDN-0041;INS-IDN-0088;INS-IDN-0335","3","","","",""
"MISSING_IN_CATALOG","IDN","ID","Pandeglang","INS-IDN-0288","1","","","",""
"MISSING_IN_CATALOG","IDN","ID","Pangkalan Bun","INS-IDN-0042","1","","","",""
"MISSING_IN_CATALOG","IDN","ID","Parepare","INS-IDN-0337","1","","","",""
"MISSING_IN_CATALOG","IDN","ID","Pasuruan","INS-IDN-0296;INS-IDN-0464;INS-IDN-0610","3","","","",""
"MISSING_IN_CATALOG","IDN","ID","Pematangsiantar","INS-IDN-0517","1","","","",""
"MISSING_IN_CATALOG","IDN","ID","Pidie","INS-IDN-0211","1","","","",""
"MISSING_IN_CATALOG","IDN","ID","Polewali Mandar","INS-IDN-0029","1","","","",""
"MISSING_IN_CATALOG","IDN","ID","Ponorogo","INS-IDN-0097;INS-IDN-0297;INS-IDN-0338","3","","","",""
"MISSING_IN_CATALOG","IDN","ID","Probolinggo","INS-IDN-0402;INS-IDN-0420","2","","","",""
"MISSING_IN_CATALOG","IDN","ID","Purworejo","INS-IDN-0342","1","","","",""
"MISSING_IN_CATALOG","IDN","ID","Rantauprapat","INS-IDN-0265","1","","","",""
"MISSING_IN_CATALOG","IDN","ID","Raya","INS-IDN-0117","1","","","",""
"MISSING_IN_CATALOG","IDN","ID","Rokan Hulu","INS-IDN-0429;INS-IDN-0485","2","","","",""
"MISSING_IN_CATALOG","IDN","ID","Rote-Ndao","INS-IDN-0405","1","","","",""
"MISSING_IN_CATALOG","IDN","ID","Salatiga","INS-IDN-0259","1","","","",""
"MISSING_IN_CATALOG","IDN","ID","Selong","INS-IDN-0133","1","","","",""
"MISSING_IN_CATALOG","IDN","ID","Sidoarjo","INS-IDN-0274;INS-IDN-0345;INS-IDN-0375;INS-IDN-0534","4","","","",""
"MISSING_IN_CATALOG","IDN","ID","Sintang","INS-IDN-0224","1","","","",""
"MISSING_IN_CATALOG","IDN","ID","Situbondo","INS-IDN-0018","1","","","",""
"MISSING_IN_CATALOG","IDN","ID","Sleman","INS-IDN-0027;INS-IDN-0038;INS-IDN-0046;INS-IDN-0122;INS-IDN-0168;INS-IDN-0200;INS-IDN-0248;INS-IDN-0397;INS-IDN-0441;INS-IDN-0475;INS-IDN-0482;INS-IDN-0497;INS-IDN-0560","13","","","",""
"MISSING_IN_CATALOG","IDN","ID","Solok","INS-IDN-0208;INS-IDN-0278","2","","","",""
"MISSING_IN_CATALOG","IDN","ID","South Jakarta","INS-IDN-0514","1","","","",""
"MISSING_IN_CATALOG","IDN","ID","South Tangerang","INS-IDN-0317","1","","","",""
"MISSING_IN_CATALOG","IDN","ID","Sukoharjo","INS-IDN-0192;INS-IDN-0586","2","","","",""
"MISSING_IN_CATALOG","IDN","ID","Sumba Timur","INS-IDN-0262","1","","","",""
"MISSING_IN_CATALOG","IDN","ID","Sumbawa","INS-IDN-0558","1","","","",""
"MISSING_IN_CATALOG","IDN","ID","Sumbawa Barat","INS-IDN-0090","1","","","",""
"MISSING_IN_CATALOG","IDN","ID","Tabanan","INS-IDN-0543","1","","","",""
"MISSING_IN_CATALOG","IDN","ID","Tana Toraja","INS-IDN-0253","1","","","",""
"MISSING_IN_CATALOG","IDN","ID","Tangerang Selatan","INS-IDN-0201;INS-IDN-0438","2","","","",""
"MISSING_IN_CATALOG","IDN","ID","Tanjung Pinang","INS-IDN-0285","1","","","",""
"MISSING_IN_CATALOG","IDN","ID","Tanjung Selor","INS-IDN-0222","1","","","",""
"MISSING_IN_CATALOG","IDN","ID","Tapanuli Utara","INS-IDN-0520","1","","","",""
"MISSING_IN_CATALOG","IDN","ID","Tarakan","INS-IDN-0073","1","","","",""
"MISSING_IN_CATALOG","IDN","ID","Tegal","INS-IDN-0421","1","","","",""
"MISSING_IN_CATALOG","IDN","ID","Ternate","INS-IDN-0242;INS-IDN-0330","2","","","",""
"MISSING_IN_CATALOG","IDN","ID","Tidore Kepulauan","INS-IDN-0081;INS-IDN-0400","2","","","",""
"MISSING_IN_CATALOG","IDN","ID","Timika","INS-IDN-0566","1","","","",""
"MISSING_IN_CATALOG","IDN","ID","Tolitoli","INS-IDN-0276","1","","","",""
"MISSING_IN_CATALOG","IDN","ID","Tulang Bawang","INS-IDN-0291","1","","","",""
"MISSING_IN_CATALOG","IDN","ID","Tulungagung","INS-IDN-0193;INS-IDN-0581","2","","","",""
"MISSING_IN_CATALOG","IDN","ID","West Jakarta","INS-IDN-0105;INS-IDN-0550","2","","","",""
"MISSING_IN_CATALOG","IDN","ID","Wonosobo","INS-IDN-0488","1","","","",""
"MISSING_IN_CATALOG","IND","IN","Amarkantak","INS-IND-0079","1","","","",""
"MISSING_IN_CATALOG","IND","IN","Bathinda","INS-IND-0034","1","","","",""
"MISSING_IN_CATALOG","IND","IN","Bengaluru","INS-IND-0019;INS-IND-0038;INS-IND-0047;INS-IND-0056;INS-IND-0093","5","","","",""
"MISSING_IN_CATALOG","IND","IN","Bhubaneswar","INS-IND-0003;INS-IND-0058","2","","","",""
"MISSING_IN_CATALOG","IND","IN","Dharamshala","INS-IND-0027","1","","","",""
"MISSING_IN_CATALOG","IND","IN","Ganderbal","INS-IND-0031","1","","","",""
"MISSING_IN_CATALOG","IND","IN","Gandhinagar","INS-IND-0025;INS-IND-0061","2","","","",""
"MISSING_IN_CATALOG","IND","IN","Greater Noida","INS-IND-0103","1","","","",""
"MISSING_IN_CATALOG","IND","IN","Kalaburagi","INS-IND-0030","1","","","",""
"MISSING_IN_CATALOG","IND","IN","Kalyani","INS-IND-0006","1","","","",""
"MISSING_IN_CATALOG","IND","IN","Kasaragod","INS-IND-0032","1","","","",""
"MISSING_IN_CATALOG","IND","IN","Koraput","INS-IND-0033","1","","","",""
"MISSING_IN_CATALOG","IND","IN","Kozhikode","INS-IND-0050","1","","","",""
"MISSING_IN_CATALOG","IND","IN","Lumami","INS-IND-0090","1","","","",""
"MISSING_IN_CATALOG","IND","IN","Mahendragarh","INS-IND-0026","1","","","",""
"MISSING_IN_CATALOG","IND","IN","Mandi","INS-IND-0071","1","","","",""
"MISSING_IN_CATALOG","IND","IN","Manipal","INS-IND-0086","1","","","",""
"MISSING_IN_CATALOG","IND","IN","Motihari","INS-IND-0085","1","","","",""
"MISSING_IN_CATALOG","IND","IN","Mysuru","INS-IND-0118","1","","","",""
"MISSING_IN_CATALOG","IND","IN","Palakkad","INS-IND-0072","1","","","",""
"MISSING_IN_CATALOG","IND","IN","Pilani","INS-IND-0020","1","","","",""
"MISSING_IN_CATALOG","IND","IN","Ponda","INS-IND-0062","1","","","",""
"MISSING_IN_CATALOG","IND","IN","Rajgir","INS-IND-0091","1","","","",""
"MISSING_IN_CATALOG","IND","IN","Rishikesh","INS-IND-0011","1","","","",""
"MISSING_IN_CATALOG","IND","IN","Roorkee","INS-IND-0074","1","","","",""
"MISSING_IN_CATALOG","IND","IN","Rupnagar","INS-IND-0075","1","","","",""
"MISSING_IN_CATALOG","IND","IN","Sagar","INS-IND-0041","1","","","",""
"MISSING_IN_CATALOG","IND","IN","Samba","INS-IND-0028","1","","","",""
"MISSING_IN_CATALOG","IND","IN","Santiniketan","INS-IND-0120","1","","","",""
"MISSING_IN_CATALOG","IND","IN","Silchar","INS-IND-0016","1","","","",""
"MISSING_IN_CATALOG","IND","IN","Tezpur","INS-IND-0109","1","","","",""
"MISSING_IN_CATALOG","IND","IN","Thiruvarur","INS-IND-0037","1","","","",""
"MISSING_IN_CATALOG","IND","IN","Tiruchirappalli","INS-IND-0054","1","","","",""
"MISSING_IN_CATALOG","IND","IN","Visakhapatnam","INS-IND-0013","1","","","",""
"MISSING_IN_CATALOG","IND","IN","Wardha","INS-IND-0084","1","","","",""
"MISSING_IN_CATALOG","IRL","IE","Dún Laoghaire","INS-IRL-0004","1","","","",""
"MISSING_IN_CATALOG","IRL","IE","Dundalk","INS-IRL-0003","1","","","",""
"MISSING_IN_CATALOG","IRL","IE","Maynooth","INS-IRL-0005","1","","","",""
"MISSING_IN_CATALOG","IRN","IR","Abyek","INS-IRN-0028","1","","","",""
"MISSING_IN_CATALOG","IRN","IR","Asadabad","INS-IRN-0117","1","","","",""
"MISSING_IN_CATALOG","IRN","IR","Babolsar","INS-IRN-0162","1","","","",""
"MISSING_IN_CATALOG","IRN","IR","Bojnord","INS-IRN-0087;INS-IRN-0100;INS-IRN-0152","3","","","",""
"MISSING_IN_CATALOG","IRN","IR","Bushehr","INS-IRN-0025;INS-IRN-0103","2","","","",""
"MISSING_IN_CATALOG","IRN","IR","Damghan","INS-IRN-0027","1","","","",""
"MISSING_IN_CATALOG","IRN","IR","Esfarayen","INS-IRN-0030","1","","","",""
"MISSING_IN_CATALOG","IRN","IR","Garmsar","INS-IRN-0154","1","","","",""
"MISSING_IN_CATALOG","IRN","IR","Golbahar","INS-IRN-0036","1","","","",""
"MISSING_IN_CATALOG","IRN","IR","Gonabad","INS-IRN-0039;INS-IRN-0155","2","","","",""
"MISSING_IN_CATALOG","IRN","IR","Hamedan","INS-IRN-0024;INS-IRN-0044;INS-IRN-0045","3","","","",""
"MISSING_IN_CATALOG","IRN","IR","Ilam","INS-IRN-0054;INS-IRN-0055","2","","","",""
"MISSING_IN_CATALOG","IRN","IR","Isfahan","INS-IRN-0013;INS-IRN-0069;INS-IRN-0070;INS-IRN-0071;INS-IRN-0092;INS-IRN-0135;INS-IRN-0157","7","","","",""
"MISSING_IN_CATALOG","IRN","IR","Lar","INS-IRN-0048","1","","","",""
"MISSING_IN_CATALOG","IRN","IR","Mollasani","INS-IRN-0086","1","","","",""
"MISSING_IN_CATALOG","IRN","IR","Nur","INS-IRN-0004","1","","","",""
"MISSING_IN_CATALOG","IRN","IR","Qaen","INS-IRN-0023","1","","","",""
"MISSING_IN_CATALOG","IRN","IR","Rey","INS-IRN-0166","1","","","",""
"MISSING_IN_CATALOG","IRN","IR","Sahand","INS-IRN-0114","1","","","",""
"MISSING_IN_CATALOG","IRN","IR","Saravan","INS-IRN-0049","1","","","",""
"MISSING_IN_CATALOG","IRN","IR","Sari","INS-IRN-0094;INS-IRN-0116","2","","","",""
"MISSING_IN_CATALOG","IRN","IR","Shahrekord","INS-IRN-0130;INS-IRN-0131","2","","","",""
"MISSING_IN_CATALOG","IRN","IR","Shahroud","INS-IRN-0132;INS-IRN-0133","2","","","",""
"MISSING_IN_CATALOG","IRN","IR","Susangerd","INS-IRN-0141","1","","","",""
"MISSING_IN_CATALOG","IRN","IR","Tafresh","INS-IRN-0146","1","","","",""
"MISSING_IN_CATALOG","IRN","IR","Torbat-e Heydarieh","INS-IRN-0174","1","","","",""
"MISSING_IN_CATALOG","IRN","IR","Urmia","INS-IRN-0176;INS-IRN-0177;INS-IRN-0178","3","","","",""
"MISSING_IN_CATALOG","IRN","IR","Zarand","INS-IRN-0051","1","","","",""
"MISSING_IN_CATALOG","IRQ","IQ","Al-Hamdaniya","INS-IRQ-0092","1","","","",""
"MISSING_IN_CATALOG","IRQ","IQ","Al-Qasim","INS-IRQ-0045","1","","","",""
"MISSING_IN_CATALOG","IRQ","IQ","Al-Rifai","INS-IRQ-0084","1","","","",""
"MISSING_IN_CATALOG","IRQ","IQ","Amarah","INS-IRQ-0004;INS-IRQ-0032;INS-IRQ-0075","3","","","",""
"MISSING_IN_CATALOG","IRQ","IQ","Baqubah","INS-IRQ-0052;INS-IRQ-0059;INS-IRQ-0062","3","","","",""
"MISSING_IN_CATALOG","IRQ","IQ","Basra","INS-IRQ-0002;INS-IRQ-0027;INS-IRQ-0029;INS-IRQ-0058;INS-IRQ-0070;INS-IRQ-0081;INS-IRQ-0083;INS-IRQ-0090","8","","","",""
"MISSING_IN_CATALOG","IRQ","IQ","Diwaniyah","INS-IRQ-0087","1","","","",""
"MISSING_IN_CATALOG","IRQ","IQ","Fallujah","INS-IRQ-0091","1","","","",""
"MISSING_IN_CATALOG","IRQ","IQ","Hillah","INS-IRQ-0017;INS-IRQ-0038;INS-IRQ-0088","3","","","",""
"MISSING_IN_CATALOG","IRQ","IQ","Kut","INS-IRQ-0028;INS-IRQ-0100","2","","","",""
"MISSING_IN_CATALOG","IRQ","IQ","Najaf","INS-IRQ-0012;INS-IRQ-0024;INS-IRQ-0072;INS-IRQ-0082;INS-IRQ-0085;INS-IRQ-0094","6","","","",""
"MISSING_IN_CATALOG","IRQ","IQ","Nasiriyah","INS-IRQ-0007;INS-IRQ-0035;INS-IRQ-0076;INS-IRQ-0099","4","","","",""
"MISSING_IN_CATALOG","IRQ","IQ","Ramadi","INS-IRQ-0018;INS-IRQ-0030;INS-IRQ-0055","3","","","",""
"MISSING_IN_CATALOG","IRQ","IQ","Samawah","INS-IRQ-0039;INS-IRQ-0080","2","","","",""
"MISSING_IN_CATALOG","IRQ","IQ","Tal Afar","INS-IRQ-0097","1","","","",""
"MISSING_IN_CATALOG","ISL","IS","Akureyri","INS-ISL-0006","1","","","",""
"MISSING_IN_CATALOG","ISL","IS","Bifröst","INS-ISL-0002","1","","","",""
"MISSING_IN_CATALOG","ISL","IS","Hólar","INS-ISL-0003","1","","","",""
"MISSING_IN_CATALOG","ISL","IS","Hvanneyri","INS-ISL-0001","1","","","",""
"MISSING_IN_CATALOG","ISR","IL","Acre","INS-ISR-0059","1","","","",""
"MISSING_IN_CATALOG","ISR","IL","Alon Shvut","INS-ISR-0026","1","","","",""
"MISSING_IN_CATALOG","ISR","IL","Ariel","INS-ISR-0008","1","","","",""
"MISSING_IN_CATALOG","ISR","IL","Ashkelon","INS-ISR-0009","1","","","",""
"MISSING_IN_CATALOG","ISR","IL","Baqa al-Gharbiyye","INS-ISR-0006","1","","","",""
"MISSING_IN_CATALOG","ISR","IL","Beer Tuvia","INS-ISR-0004","1","","","",""
"MISSING_IN_CATALOG","ISR","IL","Elkana","INS-ISR-0044","1","","","",""
"MISSING_IN_CATALOG","ISR","IL","Emek Hefer","INS-ISR-0047","1","","","",""
"MISSING_IN_CATALOG","ISR","IL","Herzliya","INS-ISR-0046","1","","","",""
"MISSING_IN_CATALOG","ISR","IL","Karmiel","INS-ISR-0015","1","","","",""
"MISSING_IN_CATALOG","ISR","IL","Katzrin","INS-ISR-0040","1","","","",""
"MISSING_IN_CATALOG","ISR","IL","Kfar Saba","INS-ISR-0012","1","","","",""
"MISSING_IN_CATALOG","ISR","IL","Kiryat Ono","INS-ISR-0041","1","","","",""
"MISSING_IN_CATALOG","ISR","IL","Kiryat Tivon","INS-ISR-0043","1","","","",""
"MISSING_IN_CATALOG","ISR","IL","Netivot","INS-ISR-0025","1","","","",""
"MISSING_IN_CATALOG","ISR","IL","Or Yehuda","INS-ISR-0016","1","","","",""
"MISSING_IN_CATALOG","ISR","IL","Ra'anana","INS-ISR-0042","1","","","",""
"MISSING_IN_CATALOG","ISR","IL","Sakhnin","INS-ISR-0018","1","","","",""
"MISSING_IN_CATALOG","ISR","IL","Sderot","INS-ISR-0049","1","","","",""
"MISSING_IN_CATALOG","ISR","IL","Tel Aviv","INS-ISR-0003;INS-ISR-0005;INS-ISR-0033;INS-ISR-0036;INS-ISR-0055","5","","","",""
"MISSING_IN_CATALOG","ISR","IL","Tzemach","INS-ISR-0034","1","","","",""
"MISSING_IN_CATALOG","ISR","IL","Upper Galilee","INS-ISR-0056","1","","","",""
"MISSING_IN_CATALOG","ISR","IL","Yavne","INS-ISR-0021","1","","","",""
"MISSING_IN_CATALOG","ISR","IL","Yezreel Valley","INS-ISR-0037","1","","","",""
"MISSING_IN_CATALOG","ITA","IT","Bra","INS-ITA-0082","1","","","",""
"MISSING_IN_CATALOG","ITA","IT","Camerino","INS-ITA-0006","1","","","",""
"MISSING_IN_CATALOG","ITA","IT","Casamassima","INS-ITA-0078","1","","","",""
"MISSING_IN_CATALOG","ITA","IT","Cassino","INS-ITA-0007","1","","","",""
"MISSING_IN_CATALOG","ITA","IT","Castellanza","INS-ITA-0049","1","","","",""
"MISSING_IN_CATALOG","ITA","IT","Fisciano","INS-ITA-0027","1","","","",""
"MISSING_IN_CATALOG","ITA","IT","Novedrate","INS-ITA-0086","1","","","",""
"MISSING_IN_CATALOG","ITA","IT","Padua","INS-ITA-0019","1","","","",""
"MISSING_IN_CATALOG","ITA","IT","Reggio Calabria","INS-ITA-0093;INS-ITA-0046","2","","","",""
"MISSING_IN_CATALOG","ITA","IT","Rende","INS-ITA-0005","1","","","",""
"MISSING_IN_CATALOG","ITA","IT","Rozzano","INS-ITA-0094","1","","","",""
"MISSING_IN_CATALOG","ITA","IT","Torrevecchia Teatina","INS-ITA-0085","1","","","",""
"MISSING_IN_CATALOG","ITA","IT","Urbino","INS-ITA-0060","1","","","",""
"MISSING_IN_CATALOG","JAM","JM","Black River","INS-JAM-0001","1","","","",""
"MISSING_IN_CATALOG","JAM","JM","Mona","INS-JAM-0006","1","","","",""
"MISSING_IN_CATALOG","JOR","JO","Ajloun","INS-JOR-0001","1","","","",""
"MISSING_IN_CATALOG","JOR","JO","Al-Salt","INS-JOR-0004","1","","","",""
"MISSING_IN_CATALOG","JOR","JO","Aqaba","INS-JOR-0011;INS-JOR-0012","2","","","",""
"MISSING_IN_CATALOG","JOR","JO","Jerash","INS-JOR-0019;INS-JOR-0023","2","","","",""
"MISSING_IN_CATALOG","JOR","JO","Mafraq","INS-JOR-0002","1","","","",""
"MISSING_IN_CATALOG","JOR","JO","Tafila","INS-JOR-0025","1","","","",""
"MISSING_IN_CATALOG","JOR","JO","Zarqa","INS-JOR-0015;INS-JOR-0030","2","","","",""
"MISSING_IN_CATALOG","JPN","JP","Not specified","INS-JPN-0012;INS-JPN-0018;INS-JPN-0019;INS-JPN-0020;INS-JPN-0021;INS-JPN-0022;INS-JPN-0023;INS-JPN-0024;INS-JPN-0025;INS-JPN-0026;INS-JPN-0027;INS-JPN-0028;INS-JPN-0033;INS-JPN-0034;INS-JPN-0035;INS-JPN-0036;INS-JPN-0037;INS-JPN-0038;INS-JPN-0039;INS-JPN-0040;INS-JPN-0041;INS-JPN-0042;INS-JPN-0043;INS-JPN-0044;INS-JPN-0045;INS-JPN-0046;INS-JPN-0048;INS-JPN-0050;INS-JPN-0051;INS-JPN-0052;INS-JPN-0053;INS-JPN-0054;INS-JPN-0066;INS-JPN-0067;INS-JPN-0068;INS-JPN-0075;INS-JPN-0078;INS-JPN-0079;INS-JPN-0080;INS-JPN-0081;INS-JPN-0082;INS-JPN-0083;INS-JPN-0084;INS-JPN-0085;INS-JPN-0086;INS-JPN-0087;INS-JPN-0088;INS-JPN-0089;INS-JPN-0090;INS-JPN-0112;INS-JPN-0113;INS-JPN-0114;INS-JPN-0115;INS-JPN-0116;INS-JPN-0117;INS-JPN-0118;INS-JPN-0119;INS-JPN-0122;INS-JPN-0123;INS-JPN-0124;INS-JPN-0125;INS-JPN-0126;INS-JPN-0128;INS-JPN-0129;INS-JPN-0133;INS-JPN-0134;INS-JPN-0135;INS-JPN-0136;INS-JPN-0137;INS-JPN-0138;INS-JPN-0139;INS-JPN-0140;INS-JPN-0141;INS-JPN-0142;INS-JPN-0148;INS-JPN-0149;INS-JPN-0154;INS-JPN-0160;INS-JPN-0161;INS-JPN-0162;INS-JPN-0163;INS-JPN-0164;INS-JPN-0165;INS-JPN-0167;INS-JPN-0168;INS-JPN-0169;INS-JPN-0171;INS-JPN-0172;INS-JPN-0188;INS-JPN-0189;INS-JPN-0190;INS-JPN-0191;INS-JPN-0192;INS-JPN-0193;INS-JPN-0194;INS-JPN-0195;INS-JPN-0196;INS-JPN-0197;INS-JPN-0202;INS-JPN-0203;INS-JPN-0204;INS-JPN-0205;INS-JPN-0206;INS-JPN-0207;INS-JPN-0208;INS-JPN-0209;INS-JPN-0210;INS-JPN-0211;INS-JPN-0236;INS-JPN-0237;INS-JPN-0238;INS-JPN-0239;INS-JPN-0240;INS-JPN-0241;INS-JPN-0242;INS-JPN-0243;INS-JPN-0244;INS-JPN-0245;INS-JPN-0246;INS-JPN-0249;INS-JPN-0250;INS-JPN-0254;INS-JPN-0255;INS-JPN-0256;INS-JPN-0257;INS-JPN-0258;INS-JPN-0259;INS-JPN-0260;INS-JPN-0262;INS-JPN-0275;INS-JPN-0276;INS-JPN-0283;INS-JPN-0284;INS-JPN-0285;INS-JPN-0286;INS-JPN-0287;INS-JPN-0292;INS-JPN-0293;INS-JPN-0294;INS-JPN-0295;INS-JPN-0296;INS-JPN-0297;INS-JPN-0299;INS-JPN-0300;INS-JPN-0301;INS-JPN-0302;INS-JPN-0303;INS-JPN-0305;INS-JPN-0306;INS-JPN-0307;INS-JPN-0337;INS-JPN-0338;INS-JPN-0339;INS-JPN-0340;INS-JPN-0341;INS-JPN-0342;INS-JPN-0343;INS-JPN-0344;INS-JPN-0345;INS-JPN-0346;INS-JPN-0347;INS-JPN-0350;INS-JPN-0351;INS-JPN-0359;INS-JPN-0360;INS-JPN-0361;INS-JPN-0362;INS-JPN-0369;INS-JPN-0370;INS-JPN-0371;INS-JPN-0372;INS-JPN-0373;INS-JPN-0374;INS-JPN-0376;INS-JPN-0377;INS-JPN-0378;INS-JPN-0379;INS-JPN-0380;INS-JPN-0381;INS-JPN-0384;INS-JPN-0389;INS-JPN-0390;INS-JPN-0391;INS-JPN-0392;INS-JPN-0393;INS-JPN-0394;INS-JPN-0396;INS-JPN-0397;INS-JPN-0398;INS-JPN-0400;INS-JPN-0401;INS-JPN-0402;INS-JPN-0403;INS-JPN-0404;INS-JPN-0405;INS-JPN-0406;INS-JPN-0407;INS-JPN-0408;INS-JPN-0409;INS-JPN-0410;INS-JPN-0411;INS-JPN-0412;INS-JPN-0413;INS-JPN-0414;INS-JPN-0415;INS-JPN-0416;INS-JPN-0417;INS-JPN-0418;INS-JPN-0419;INS-JPN-0420;INS-JPN-0421;INS-JPN-0422;INS-JPN-0429;INS-JPN-0431;INS-JPN-0432;INS-JPN-0433;INS-JPN-0434;INS-JPN-0435;INS-JPN-0438;INS-JPN-0462;INS-JPN-0469;INS-JPN-0470;INS-JPN-0471;INS-JPN-0472;INS-JPN-0473;INS-JPN-0475;INS-JPN-0476;INS-JPN-0477;INS-JPN-0478;INS-JPN-0479;INS-JPN-0480;INS-JPN-0481;INS-JPN-0482;INS-JPN-0483;INS-JPN-0484;INS-JPN-0485;INS-JPN-0490;INS-JPN-0491;INS-JPN-0493;INS-JPN-0500","240","","","",""
"MISSING_IN_CATALOG","JPN","JP","Tsukuba","INS-JPN-0120;INS-JPN-0121;INS-JPN-0474","3","","","",""
"MISSING_IN_CATALOG","KAZ","KZ","Aktau","INS-KAZ-0060","1","","","",""
"MISSING_IN_CATALOG","KAZ","KZ","Aktobe","INS-KAZ-0014;INS-KAZ-0021;INS-KAZ-0059","3","","","",""
"MISSING_IN_CATALOG","KAZ","KZ","Karaganda","INS-KAZ-0015;INS-KAZ-0016;INS-KAZ-0022;INS-KAZ-0023","4","","","",""
"MISSING_IN_CATALOG","KAZ","KZ","Kaskelen","INS-KAZ-0050","1","","","",""
"MISSING_IN_CATALOG","KAZ","KZ","Kostanay","INS-KAZ-0037","1","","","",""
"MISSING_IN_CATALOG","KAZ","KZ","Kyzylorda","INS-KAZ-0036","1","","","",""
"MISSING_IN_CATALOG","KAZ","KZ","Taldykorgan","INS-KAZ-0062","1","","","",""
"MISSING_IN_CATALOG","KEN","KE","Bomet","INS-KEN-0070","1","","","",""
"MISSING_IN_CATALOG","KEN","KE","Bondo","INS-KEN-0016","1","","","",""
"MISSING_IN_CATALOG","KEN","KE","Chuka","INS-KEN-0007","1","","","",""
"MISSING_IN_CATALOG","KEN","KE","Kaimosi","INS-KEN-0020","1","","","",""
"MISSING_IN_CATALOG","KEN","KE","Kambu","INS-KEN-0031","1","","","",""
"MISSING_IN_CATALOG","KEN","KE","Karatina","INS-KEN-0021","1","","","",""
"MISSING_IN_CATALOG","KEN","KE","Kisaju","INS-KEN-0015","1","","","",""
"MISSING_IN_CATALOG","KEN","KE","Konza Technopolis","INS-KEN-0073;INS-KEN-0076","2","","","",""
"MISSING_IN_CATALOG","KEN","KE","Limuru","INS-KEN-0049","1","","","",""
"MISSING_IN_CATALOG","KEN","KE","Marimanti","INS-KEN-0055","1","","","",""
"MISSING_IN_CATALOG","KEN","KE","Maseno","INS-KEN-0035","1","","","",""
"MISSING_IN_CATALOG","KEN","KE","Murang'a","INS-KEN-0041","1","","","",""
"MISSING_IN_CATALOG","KEN","KE","Njoro","INS-KEN-0010","1","","","",""
"MISSING_IN_CATALOG","KEN","KE","Nyahururu","INS-KEN-0030","1","","","",""
"MISSING_IN_CATALOG","KEN","KE","Rongo","INS-KEN-0046","1","","","",""
"MISSING_IN_CATALOG","KEN","KE","Ruiru","INS-KEN-0069","1","","","",""
"MISSING_IN_CATALOG","KEN","KE","Voi","INS-KEN-0051","1","","","",""
"MISSING_IN_CATALOG","KHM","KH","Smoang Cheung Commune","INS-KHM-0027","1","","","",""
"MISSING_IN_CATALOG","KNA","KN","Cayon","INS-KNA-0005","1","","","",""
"MISSING_IN_CATALOG","KNA","KN","Charlestown","INS-KNA-0002","1","","","",""
"MISSING_IN_CATALOG","KOR","KR","Cheonan","INS-KOR-0003;INS-KOR-0068;INS-KOR-0071;INS-KOR-0088;INS-KOR-0108;INS-KOR-0115","6","","","",""
"MISSING_IN_CATALOG","KOR","KR","Gimcheon","INS-KOR-0032","1","","","",""
"MISSING_IN_CATALOG","KOR","KR","Gongju","INS-KOR-0060","1","","","",""
"MISSING_IN_CATALOG","KOR","KR","Gunsan","INS-KOR-0074","1","","","",""
"MISSING_IN_CATALOG","KOR","KR","Jinju","INS-KOR-0036","1","","","",""
"MISSING_IN_CATALOG","KOR","KR","Not specified","INS-KOR-0005;INS-KOR-0018;INS-KOR-0019;INS-KOR-0020;INS-KOR-0028;INS-KOR-0035;INS-KOR-0042;INS-KOR-0043;INS-KOR-0047;INS-KOR-0054;INS-KOR-0055;INS-KOR-0057;INS-KOR-0062;INS-KOR-0064;INS-KOR-0067;INS-KOR-0070;INS-KOR-0073;INS-KOR-0079;INS-KOR-0084;INS-KOR-0091;INS-KOR-0094;INS-KOR-0095;INS-KOR-0097;INS-KOR-0098;INS-KOR-0118;INS-KOR-0126","26","","","",""
"MISSING_IN_CATALOG","KWT","KW","Abu Halifa","INS-KWT-0011","1","","","",""
"MISSING_IN_CATALOG","KWT","KW","Ardiya","INS-KWT-0005;INS-KWT-0008","2","","","",""
"MISSING_IN_CATALOG","KWT","KW","Doha","INS-KWT-0009;INS-KWT-0010","2","","","",""
"MISSING_IN_CATALOG","KWT","KW","Egaila","INS-KWT-0004","1","","","",""
"MISSING_IN_CATALOG","KWT","KW","Mishref","INS-KWT-0006","1","","","",""
"MISSING_IN_CATALOG","KWT","KW","Mubarak Al-Abdullah","INS-KWT-0007","1","","","",""
"MISSING_IN_CATALOG","KWT","KW","Salmiya","INS-KWT-0003","1","","","",""
"MISSING_IN_CATALOG","LAO","LA","Luang Prabang","INS-LAO-0002","1","","","",""
"MISSING_IN_CATALOG","LAO","LA","Pakse","INS-LAO-0004","1","","","",""
"MISSING_IN_CATALOG","LBN","LB","Aintoura","INS-LBN-0027","1","","","",""
"MISSING_IN_CATALOG","LBN","LB","Byblos","INS-LBN-0007","1","","","",""
"MISSING_IN_CATALOG","LBN","LB","Damour","INS-LBN-0036","1","","","",""
"MISSING_IN_CATALOG","LBN","LB","El-Koura","INS-LBN-0044","1","","","",""
"MISSING_IN_CATALOG","LBN","LB","Jounieh","INS-LBN-0021;INS-LBN-0029","2","","","",""
"MISSING_IN_CATALOG","LBN","LB","Jwaya","INS-LBN-0025","1","","","",""
"MISSING_IN_CATALOG","LBN","LB","Khaldeh","INS-LBN-0023","1","","","",""
"MISSING_IN_CATALOG","LBN","LB","Mechref","INS-LBN-0039","1","","","",""
"MISSING_IN_CATALOG","LBN","LB","Metn","INS-LBN-0034","1","","","",""
"MISSING_IN_CATALOG","LBN","LB","Zahrani","INS-LBN-0038","1","","","",""
"MISSING_IN_CATALOG","LBN","LB","Zouk Mosbeh","INS-LBN-0037","1","","","",""
"MISSING_IN_CATALOG","LBR","LR","Harbel","INS-LBR-0004","1","","","",""
"MISSING_IN_CATALOG","LBR","LR","Schiefflin","INS-LBR-0001","1","","","",""
"MISSING_IN_CATALOG","LBR","LR","Suakoko","INS-LBR-0003","1","","","",""
"MISSING_IN_CATALOG","LBY","LY","Aziziya","INS-LBY-0004","1","","","",""
"MISSING_IN_CATALOG","LBY","LY","Bani Walid","INS-LBY-0013","1","","","",""
"MISSING_IN_CATALOG","LBY","LY","Bin Jawad","INS-LBY-0014","1","","","",""
"MISSING_IN_CATALOG","LBY","LY","Brak","INS-LBY-0028","1","","","",""
"MISSING_IN_CATALOG","LBY","LY","Brega","INS-LBY-0011","1","","","",""
"MISSING_IN_CATALOG","LBY","LY","Derna","INS-LBY-0015","1","","","",""
"MISSING_IN_CATALOG","LBY","LY","Misurata","INS-LBY-0026","1","","","",""
"MISSING_IN_CATALOG","LBY","LY","Sabratha","INS-LBY-0018","1","","","",""
"MISSING_IN_CATALOG","LBY","LY","Sebha","INS-LBY-0016","1","","","",""
"MISSING_IN_CATALOG","LBY","LY","Sirte","INS-LBY-0017","1","","","",""
"MISSING_IN_CATALOG","LBY","LY","Tarhuna","INS-LBY-0008","1","","","",""
"MISSING_IN_CATALOG","LBY","LY","Zawiya","INS-LBY-0006","1","","","",""
"MISSING_IN_CATALOG","LBY","LY","Zintan","INS-LBY-0007","1","","","",""
"MISSING_IN_CATALOG","LBY","LY","Zliten","INS-LBY-0002","1","","","",""
"MISSING_IN_CATALOG","LCA","LC","Gros Islet","INS-LCA-0001","1","","","",""
"MISSING_IN_CATALOG","LIE","","Triesen","INS-LIE-0001","1","","","",""
"MISSING_IN_CATALOG","LIE","","Vaduz","INS-LIE-0002","1","","","",""
"MISSING_IN_CATALOG","LKA","LK","Battaramulla","INS-LKA-0012","1","","","",""
"MISSING_IN_CATALOG","LKA","LK","Belihuloya","INS-LKA-0019","1","","","",""
"MISSING_IN_CATALOG","LKA","LK","Diyatalawa","INS-LKA-0011","1","","","",""
"MISSING_IN_CATALOG","LKA","LK","Homagama","INS-LKA-0003;INS-LKA-0015;INS-LKA-0026","3","","","",""
"MISSING_IN_CATALOG","LKA","LK","Kegalle","INS-LKA-0021","1","","","",""
"MISSING_IN_CATALOG","LKA","LK","Kelaniya","INS-LKA-0030","1","","","",""
"MISSING_IN_CATALOG","LKA","LK","Kuliyapitiya","INS-LKA-0039","1","","","",""
"MISSING_IN_CATALOG","LKA","LK","Malabe","INS-LKA-0004;INS-LKA-0009;INS-LKA-0025","3","","","",""
"MISSING_IN_CATALOG","LKA","LK","Manelwatta","INS-LKA-0013","1","","","",""
"MISSING_IN_CATALOG","LKA","LK","Mihintale","INS-LKA-0018","1","","","",""
"MISSING_IN_CATALOG","LKA","LK","Nawala","INS-LKA-0017","1","","","",""
"MISSING_IN_CATALOG","LKA","LK","Nugegoda","INS-LKA-0020;INS-LKA-0034","2","","","",""
"MISSING_IN_CATALOG","LKA","LK","Oluvil","INS-LKA-0023","1","","","",""
"MISSING_IN_CATALOG","LKA","LK","Padukka","INS-LKA-0022","1","","","",""
"MISSING_IN_CATALOG","LKA","LK","Peradeniya","INS-LKA-0032","1","","","",""
"MISSING_IN_CATALOG","LKA","LK","Ratmalana","INS-LKA-0008;INS-LKA-0037","2","","","",""
"MISSING_IN_CATALOG","LKA","LK","Seeduwa","INS-LKA-0014","1","","","",""
"MISSING_IN_CATALOG","LKA","LK","Vantharumoolai","INS-LKA-0005","1","","","",""
"MISSING_IN_CATALOG","LKA","LK","Vavuniya","INS-LKA-0036","1","","","",""
"MISSING_IN_CATALOG","LKA","LK","Yakkala","INS-LKA-0007","1","","","",""
"MISSING_IN_CATALOG","MAR","MA","El Jadida","INS-MAR-0010","1","","","",""
"MISSING_IN_CATALOG","MAR","MA","Fez","INS-MAR-0001;INS-MAR-0004;INS-MAR-0018;INS-MAR-0020","4","","","",""
"MISSING_IN_CATALOG","MAR","MA","Ifrane","INS-MAR-0014","1","","","",""
"MISSING_IN_CATALOG","MAR","MA","Oujda","INS-MAR-0011","1","","","",""
"MISSING_IN_CATALOG","MEX","MX","Acapulco","INS-MEX-0008","1","","","",""
"MISSING_IN_CATALOG","MEX","MX","Altamira","INS-MEX-0011;INS-MEX-0142","2","","","",""
"MISSING_IN_CATALOG","MEX","MX","Atitalaquia","INS-MEX-0013","1","","","",""
"MISSING_IN_CATALOG","MEX","MX","Bahía de Banderas","INS-MEX-0014","1","","","",""
"MISSING_IN_CATALOG","MEX","MX","Cerro Azul","INS-MEX-0019","1","","","",""
"MISSING_IN_CATALOG","MEX","MX","Ciudad Cuauhtémoc","INS-MEX-0024","1","","","",""
"MISSING_IN_CATALOG","MEX","MX","Ciudad Juárez","INS-MEX-0026;INS-MEX-0074;INS-MEX-0146","3","","","",""
"MISSING_IN_CATALOG","MEX","MX","Conkal","INS-MEX-0031","1","","","",""
"MISSING_IN_CATALOG","MEX","MX","Cortazar","INS-MEX-0129","1","","","",""
"MISSING_IN_CATALOG","MEX","MX","El Marqués","INS-MEX-0132","1","","","",""
"MISSING_IN_CATALOG","MEX","MX","Huajuapan de León","INS-MEX-0153","1","","","",""
"MISSING_IN_CATALOG","MEX","MX","Huamantla","INS-MEX-0168","1","","","",""
"MISSING_IN_CATALOG","MEX","MX","Huejotzingo","INS-MEX-0150","1","","","",""
"MISSING_IN_CATALOG","MEX","MX","Huejutla","INS-MEX-0152","1","","","",""
"MISSING_IN_CATALOG","MEX","MX","Ixtepec","INS-MEX-0106","1","","","",""
"MISSING_IN_CATALOG","MEX","MX","León","INS-MEX-0039;INS-MEX-0100;INS-MEX-0154","3","","","",""
"MISSING_IN_CATALOG","MEX","MX","Metepec","INS-MEX-0057","1","","","",""
"MISSING_IN_CATALOG","MEX","MX","Nogales","INS-MEX-0045;INS-MEX-0159","2","","","",""
"MISSING_IN_CATALOG","MEX","MX","Nuevo Vallarta","INS-MEX-0143","1","","","",""
"MISSING_IN_CATALOG","MEX","MX","Puerto Ángel","INS-MEX-0107","1","","","",""
"MISSING_IN_CATALOG","MEX","MX","Ramos Arizpe","INS-MEX-0147","1","","","",""
"MISSING_IN_CATALOG","MEX","MX","Suchiapa","INS-MEX-0126","1","","","",""
"MISSING_IN_CATALOG","MEX","MX","Torreón","INS-MEX-0038;INS-MEX-0058;INS-MEX-0079;INS-MEX-0169","4","","","",""
"MISSING_IN_CATALOG","MEX","MX","Tuxtepec","INS-MEX-0108","1","","","",""
"MISSING_IN_CATALOG","MEX","MX","Tuxtla Gutiérrez","INS-MEX-0059;INS-MEX-0072;INS-MEX-0096","3","","","",""
"MISSING_IN_CATALOG","MEX","MX","Xicotepec","INS-MEX-0171","1","","","",""
"MISSING_IN_CATALOG","MEX","MX","Zacatelco","INS-MEX-0135","1","","","",""
"MISSING_IN_CATALOG","MLI","ML","Katibougou","INS-MLI-0004","1","","","",""
"MISSING_IN_CATALOG","MLT","MT","Cospicua","INS-MLT-0001","1","","","",""
"MISSING_IN_CATALOG","MLT","MT","Ħal Luqa","INS-MLT-0002","1","","","",""
"MISSING_IN_CATALOG","MLT","MT","Msida","INS-MLT-0004","1","","","",""
"MISSING_IN_CATALOG","MLT","MT","Paola","INS-MLT-0003","1","","","",""
"MISSING_IN_CATALOG","MMR","MM","Amarapura","INS-MMR-0090","1","","","",""
"MISSING_IN_CATALOG","MMR","MM","Bhamo","INS-MMR-0002;INS-MMR-0043","2","","","",""
"MISSING_IN_CATALOG","MMR","MM","Chanmyathazi","INS-MMR-0080","1","","","",""
"MISSING_IN_CATALOG","MMR","MM","Hlaingthaya","INS-MMR-0089","1","","","",""
"MISSING_IN_CATALOG","MMR","MM","Hmawbi","INS-MMR-0045","1","","","",""
"MISSING_IN_CATALOG","MMR","MM","Hpaan","INS-MMR-0007;INS-MMR-0046","2","","","",""
"MISSING_IN_CATALOG","MMR","MM","Htantabin","INS-MMR-0088","1","","","",""
"MISSING_IN_CATALOG","MMR","MM","Insein","INS-MMR-0091","1","","","",""
"MISSING_IN_CATALOG","MMR","MM","Kalay","INS-MMR-0008;INS-MMR-0047","2","","","",""
"MISSING_IN_CATALOG","MMR","MM","Kamayut","INS-MMR-0073;INS-MMR-0093;INS-MMR-0095","3","","","",""
"MISSING_IN_CATALOG","MMR","MM","Lanmadaw","INS-MMR-0081","1","","","",""
"MISSING_IN_CATALOG","MMR","MM","Loilem","INS-MMR-0059","1","","","",""
"MISSING_IN_CATALOG","MMR","MM","Maha Aungmye","INS-MMR-0016","1","","","",""
"MISSING_IN_CATALOG","MMR","MM","Mawlamyaing","INS-MMR-0019;INS-MMR-0054","2","","","",""
"MISSING_IN_CATALOG","MMR","MM","Naypyidaw","INS-MMR-0029;INS-MMR-0087","2","","","",""
"MISSING_IN_CATALOG","MMR","MM","North Dagon","INS-MMR-0003","1","","","",""
"MISSING_IN_CATALOG","MMR","MM","North Okkalapa","INS-MMR-0075","1","","","",""
"MISSING_IN_CATALOG","MMR","MM","Panglong","INS-MMR-0031","1","","","",""
"MISSING_IN_CATALOG","MMR","MM","Patheingyi","INS-MMR-0015;INS-MMR-0027;INS-MMR-0052;INS-MMR-0067;INS-MMR-0072","5","","","",""
"MISSING_IN_CATALOG","MMR","MM","Thanlyin","INS-MMR-0005;INS-MMR-0025;INS-MMR-0042","3","","","",""
"MISSING_IN_CATALOG","MMR","MM","Yamethin","INS-MMR-0065","1","","","",""
"MISSING_IN_CATALOG","MMR","MM","Yangon","INS-MMR-0028;INS-MMR-0068;INS-MMR-0074;INS-MMR-0083;INS-MMR-0084;INS-MMR-0092;INS-MMR-0094","7","","","",""
"MISSING_IN_CATALOG","MMR","MM","Yatanarpon Cyber City","INS-MMR-0086","1","","","",""
"MISSING_IN_CATALOG","MMR","MM","Yezin","INS-MMR-0071","1","","","",""
"MISSING_IN_CATALOG","MMR","MM","Zeyathiri","INS-MMR-0096","1","","","",""
"MISSING_IN_CATALOG","MUS","MU","Beau Bassin-Rose Hill","INS-MUS-0007","1","","","",""
"MISSING_IN_CATALOG","MUS","MU","Ilot","INS-MUS-0005","1","","","",""
"MISSING_IN_CATALOG","MUS","MU","Moka","INS-MUS-0001;INS-MUS-0002;INS-MUS-0003;INS-MUS-0004","4","","","",""
"MISSING_IN_CATALOG","MUS","MU","Pamplemousses","INS-MUS-0009","1","","","",""
"MISSING_IN_CATALOG","MUS","MU","Réduit","INS-MUS-0006;INS-MUS-0008","2","","","",""
"MISSING_IN_CATALOG","MWI","MW","Livingstonia","INS-MWI-0014","1","","","",""
"MISSING_IN_CATALOG","MWI","MW","Nguludi","INS-MWI-0007","1","","","",""
"MISSING_IN_CATALOG","MWI","MW","Thyolo","INS-MWI-0003","1","","","",""
"MISSING_IN_CATALOG","MYS","MY","Arau","INS-MYS-0037","1","","","",""
"MISSING_IN_CATALOG","MYS","MY","Ayer Keroh","INS-MYS-0063","1","","","",""
"MISSING_IN_CATALOG","MYS","MY","Bandar Baru Nilai","INS-MYS-0012;INS-MYS-0046","2","","","",""
"MISSING_IN_CATALOG","MYS","MY","Bandar Seri Alam","INS-MYS-0042","1","","","",""
"MISSING_IN_CATALOG","MYS","MY","Bangi","INS-MYS-0029;INS-MYS-0030","2","","","",""
"MISSING_IN_CATALOG","MYS","MY","Bedong","INS-MYS-0017","1","","","",""
"MISSING_IN_CATALOG","MYS","MY","Bestari Jaya","INS-MYS-0059","1","","","",""
"MISSING_IN_CATALOG","MYS","MY","Cyberjaya","INS-MYS-0020;INS-MYS-0045;INS-MYS-0064","3","","","",""
"MISSING_IN_CATALOG","MYS","MY","Jenjarom","INS-MYS-0009","1","","","",""
"MISSING_IN_CATALOG","MYS","MY","Kota Samarahan","INS-MYS-0039","1","","","",""
"MISSING_IN_CATALOG","MYS","MY","Kuala Kangsar","INS-MYS-0060","1","","","",""
"MISSING_IN_CATALOG","MYS","MY","Kuala Ketil","INS-MYS-0024","1","","","",""
"MISSING_IN_CATALOG","MYS","MY","Kuala Perlis","INS-MYS-0025","1","","","",""
"MISSING_IN_CATALOG","MYS","MY","Kuala Sungai Baru","INS-MYS-0027","1","","","",""
"MISSING_IN_CATALOG","MYS","MY","Nilai","INS-MYS-0008;INS-MYS-0019;INS-MYS-0056","3","","","",""
"MISSING_IN_CATALOG","MYS","MY","Padang Besar","INS-MYS-0044","1","","","",""
"MISSING_IN_CATALOG","MYS","MY","Pekan","INS-MYS-0006","1","","","",""
"MISSING_IN_CATALOG","MYS","MY","Pengkalan Chepa","INS-MYS-0035","1","","","",""
"MISSING_IN_CATALOG","MYS","MY","Puchong","INS-MYS-0004","1","","","",""
"MISSING_IN_CATALOG","MYS","MY","Seri Kembangan","INS-MYS-0049;INS-MYS-0053","2","","","",""
"MISSING_IN_CATALOG","MYS","MY","Sintok","INS-MYS-0075","1","","","",""
"MISSING_IN_CATALOG","MYS","MY","Skudai","INS-MYS-0065","1","","","",""
"MISSING_IN_CATALOG","MYS","MY","Subang Jaya","INS-MYS-0002;INS-MYS-0015","2","","","",""
"MISSING_IN_CATALOG","MYS","MY","Tanjong Malim","INS-MYS-0047","1","","","",""
"MISSING_IN_CATALOG","MYS","MY","Tronoh","INS-MYS-0067","1","","","",""
"MISSING_IN_CATALOG","NER","NE","Say","INS-NER-0009","1","","","",""
"MISSING_IN_CATALOG","NGA","NG","Abakaliki","INS-NGA-0092;INS-NGA-0315","2","","","",""
"MISSING_IN_CATALOG","NGA","NG","Abraka","INS-NGA-0087","1","","","",""
"MISSING_IN_CATALOG","NGA","NG","Achina-Onneh","INS-NGA-0251","1","","","",""
"MISSING_IN_CATALOG","NGA","NG","Agbarha-Otor","INS-NGA-0202","1","","","",""
"MISSING_IN_CATALOG","NGA","NG","Agbor","INS-NGA-0127","1","","","",""
"MISSING_IN_CATALOG","NGA","NG","Ago-Iwoye","INS-NGA-0083;INS-NGA-0258","2","","","",""
"MISSING_IN_CATALOG","NGA","NG","Agwada","INS-NGA-0272","1","","","",""
"MISSING_IN_CATALOG","NGA","NG","Aiyetoro","INS-NGA-0293","1","","","",""
"MISSING_IN_CATALOG","NGA","NG","Ajebo","INS-NGA-0194","1","","","",""
"MISSING_IN_CATALOG","NGA","NG","Akaeze","INS-NGA-0192","1","","","",""
"MISSING_IN_CATALOG","NGA","NG","Akampa","INS-NGA-0141","1","","","",""
"MISSING_IN_CATALOG","NGA","NG","Akpabuyo","INS-NGA-0211","1","","","",""
"MISSING_IN_CATALOG","NGA","NG","Akungba-Akoko","INS-NGA-0089","1","","","",""
"MISSING_IN_CATALOG","NGA","NG","Aliero","INS-NGA-0103","1","","","",""
"MISSING_IN_CATALOG","NGA","NG","Amaigbo","INS-NGA-0310","1","","","",""
"MISSING_IN_CATALOG","NGA","NG","Amizi","INS-NGA-0262","1","","","",""
"MISSING_IN_CATALOG","NGA","NG","Ankpa","INS-NGA-0290","1","","","",""
"MISSING_IN_CATALOG","NGA","NG","Anyigba","INS-NGA-0090","1","","","",""
"MISSING_IN_CATALOG","NGA","NG","Asa","INS-NGA-0250","1","","","",""
"MISSING_IN_CATALOG","NGA","NG","Ayobo","INS-NGA-0208","1","","","",""
"MISSING_IN_CATALOG","NGA","NG","Babura","INS-NGA-0046","1","","","",""
"MISSING_IN_CATALOG","NGA","NG","Bassam-Biri","INS-NGA-0055","1","","","",""
"MISSING_IN_CATALOG","NGA","NG","Bokkos","INS-NGA-0101","1","","","",""
"MISSING_IN_CATALOG","NGA","NG","Daura","INS-NGA-0052","1","","","",""
"MISSING_IN_CATALOG","NGA","NG","Dutsin-Ma","INS-NGA-0010","1","","","",""
"MISSING_IN_CATALOG","NGA","NG","Effurun","INS-NGA-0005","1","","","",""
"MISSING_IN_CATALOG","NGA","NG","Eiyenkorin","INS-NGA-0212","1","","","",""
"MISSING_IN_CATALOG","NGA","NG","Ekpoma","INS-NGA-0079","1","","","",""
"MISSING_IN_CATALOG","NGA","NG","Ekwegbe","INS-NGA-0260","1","","","",""
"MISSING_IN_CATALOG","NGA","NG","Evbobanosa","INS-NGA-0291","1","","","",""
"MISSING_IN_CATALOG","NGA","NG","Evbuobanosa","INS-NGA-0186","1","","","",""
"MISSING_IN_CATALOG","NGA","NG","Ezza","INS-NGA-0143","1","","","",""
"MISSING_IN_CATALOG","NGA","NG","Gadau","INS-NGA-0112","1","","","",""
"MISSING_IN_CATALOG","NGA","NG","Ganmo","INS-NGA-0297","1","","","",""
"MISSING_IN_CATALOG","NGA","NG","Gwada","INS-NGA-0324","1","","","",""
"MISSING_IN_CATALOG","NGA","NG","Ibusa","INS-NGA-0051","1","","","",""
"MISSING_IN_CATALOG","NGA","NG","Idumuje-Ugboko","INS-NGA-0247","1","","","",""
"MISSING_IN_CATALOG","NGA","NG","Igarra","INS-NGA-0316","1","","","",""
"MISSING_IN_CATALOG","NGA","NG","Igbesa","INS-NGA-0161","1","","","",""
"MISSING_IN_CATALOG","NGA","NG","Igbo-Eno","INS-NGA-0133","1","","","",""
"MISSING_IN_CATALOG","NGA","NG","Igbotako","INS-NGA-0294","1","","","",""
"MISSING_IN_CATALOG","NGA","NG","Ijagun","INS-NGA-0070","1","","","",""
"MISSING_IN_CATALOG","NGA","NG","Ijanikin","INS-NGA-0130;INS-NGA-0219","2","","","",""
"MISSING_IN_CATALOG","NGA","NG","Ijebi-Itele","INS-NGA-0199","1","","","",""
"MISSING_IN_CATALOG","NGA","NG","Ikare-Akoko","INS-NGA-0313","1","","","",""
"MISSING_IN_CATALOG","NGA","NG","Ikeji-Arakeji","INS-NGA-0169","1","","","",""
"MISSING_IN_CATALOG","NGA","NG","Ikere-Ekiti","INS-NGA-0126","1","","","",""
"MISSING_IN_CATALOG","NGA","NG","Ikirun","INS-NGA-0296","1","","","",""
"MISSING_IN_CATALOG","NGA","NG","Ikogbo","INS-NGA-0263","1","","","",""
"MISSING_IN_CATALOG","NGA","NG","Ikorodu","INS-NGA-0131","1","","","",""
"MISSING_IN_CATALOG","NGA","NG","Ikot Akpaden","INS-NGA-0110","1","","","",""
"MISSING_IN_CATALOG","NGA","NG","Ila Orangun","INS-NGA-0049","1","","","",""
"MISSING_IN_CATALOG","NGA","NG","Ilara","INS-NGA-0196","1","","","",""
"MISSING_IN_CATALOG","NGA","NG","Ilara-Mokin","INS-NGA-0191","1","","","",""
"MISSING_IN_CATALOG","NGA","NG","Ilemona","INS-NGA-0299","1","","","",""
"MISSING_IN_CATALOG","NGA","NG","Ilishan-Remo","INS-NGA-0147","1","","","",""
"MISSING_IN_CATALOG","NGA","NG","Iloro-Ekiti","INS-NGA-0277","1","","","",""
"MISSING_IN_CATALOG","NGA","NG","Imope-Ijebu","INS-NGA-0268","1","","","",""
"MISSING_IN_CATALOG","NGA","NG","Iragbuji","INS-NGA-0071","1","","","",""
"MISSING_IN_CATALOG","NGA","NG","Irrua","INS-NGA-0230","1","","","",""
"MISSING_IN_CATALOG","NGA","NG","Isiokpo","INS-NGA-0273","1","","","",""
"MISSING_IN_CATALOG","NGA","NG","Iyamho","INS-NGA-0117","1","","","",""
"MISSING_IN_CATALOG","NGA","NG","Iyesi-Ota","INS-NGA-0300","1","","","",""
"MISSING_IN_CATALOG","NGA","NG","Iyin-Ekiti","INS-NGA-0072","1","","","",""
"MISSING_IN_CATALOG","NGA","NG","Kabba","INS-NGA-0136","1","","","",""
"MISSING_IN_CATALOG","NGA","NG","Kabo","INS-NGA-0077","1","","","",""
"MISSING_IN_CATALOG","NGA","NG","Kachia","INS-NGA-0069","1","","","",""
"MISSING_IN_CATALOG","NGA","NG","Kafin Hausa","INS-NGA-0115","1","","","",""
"MISSING_IN_CATALOG","NGA","NG","Kashere","INS-NGA-0011","1","","","",""
"MISSING_IN_CATALOG","NGA","NG","Kiagbodo","INS-NGA-0198","1","","","",""
"MISSING_IN_CATALOG","NGA","NG","Kwale","INS-NGA-0056","1","","","",""
"MISSING_IN_CATALOG","NGA","NG","Kwali","INS-NGA-0271","1","","","",""
"MISSING_IN_CATALOG","NGA","NG","Kwall","INS-NGA-0242","1","","","",""
"MISSING_IN_CATALOG","NGA","NG","Lapai","INS-NGA-0100","1","","","",""
"MISSING_IN_CATALOG","NGA","NG","Majia","INS-NGA-0146","1","","","",""
"MISSING_IN_CATALOG","NGA","NG","Makogi Oba","INS-NGA-0203","1","","","",""
"MISSING_IN_CATALOG","NGA","NG","Malete","INS-NGA-0108","1","","","",""
"MISSING_IN_CATALOG","NGA","NG","Masaka","INS-NGA-0239","1","","","",""
"MISSING_IN_CATALOG","NGA","NG","Mbaise","INS-NGA-0307","1","","","",""
"MISSING_IN_CATALOG","NGA","NG","Mgbowo","INS-NGA-0303","1","","","",""
"MISSING_IN_CATALOG","NGA","NG","Mkar","INS-NGA-0168","1","","","",""
"MISSING_IN_CATALOG","NGA","NG","Mkpatak","INS-NGA-0225","1","","","",""
"MISSING_IN_CATALOG","NGA","NG","Mokwa","INS-NGA-0139","1","","","",""
"MISSING_IN_CATALOG","NGA","NG","Mowe","INS-NGA-0206","1","","","",""
"MISSING_IN_CATALOG","NGA","NG","Nde-Ikom","INS-NGA-0231","1","","","",""
"MISSING_IN_CATALOG","NGA","NG","Ndufu-Alike","INS-NGA-0014","1","","","",""
"MISSING_IN_CATALOG","NGA","NG","Nekede","INS-NGA-0232","1","","","",""
"MISSING_IN_CATALOG","NGA","NG","New Karu","INS-NGA-0159","1","","","",""
"MISSING_IN_CATALOG","NGA","NG","Nneochi","INS-NGA-0215","1","","","",""
"MISSING_IN_CATALOG","NGA","NG","Obeama-Asa","INS-NGA-0185","1","","","",""
"MISSING_IN_CATALOG","NGA","NG","Obio-Akpa","INS-NGA-0075","1","","","",""
"MISSING_IN_CATALOG","NGA","NG","Obong Ntak","INS-NGA-0174","1","","","",""
"MISSING_IN_CATALOG","NGA","NG","Obudu","INS-NGA-0269","1","","","",""
"MISSING_IN_CATALOG","NGA","NG","Ode-Omu","INS-NGA-0201","1","","","",""
"MISSING_IN_CATALOG","NGA","NG","Ogboko","INS-NGA-0118","1","","","",""
"MISSING_IN_CATALOG","NGA","NG","Oghara","INS-NGA-0179","1","","","",""
"MISSING_IN_CATALOG","NGA","NG","Ogume","INS-NGA-0165","1","","","",""
"MISSING_IN_CATALOG","NGA","NG","Ogwa","INS-NGA-0190","1","","","",""
"MISSING_IN_CATALOG","NGA","NG","Ojo","INS-NGA-0084;INS-NGA-0311","2","","","",""
"MISSING_IN_CATALOG","NGA","NG","Okada","INS-NGA-0148","1","","","",""
"MISSING_IN_CATALOG","NGA","NG","Oke-Ila Orangun","INS-NGA-0319","1","","","",""
"MISSING_IN_CATALOG","NGA","NG","Okeho","INS-NGA-0073","1","","","",""
"MISSING_IN_CATALOG","NGA","NG","Okemesi","INS-NGA-0274","1","","","",""
"MISSING_IN_CATALOG","NGA","NG","Okerenkoko","INS-NGA-0041","1","","","",""
"MISSING_IN_CATALOG","NGA","NG","Okija","INS-NGA-0149;INS-NGA-0210","2","","","",""
"MISSING_IN_CATALOG","NGA","NG","Okitipupa","INS-NGA-0106","1","","","",""
"MISSING_IN_CATALOG","NGA","NG","Oko-Irese","INS-NGA-0226","1","","","",""
"MISSING_IN_CATALOG","NGA","NG","Oku-Owa","INS-NGA-0195","1","","","",""
"MISSING_IN_CATALOG","NGA","NG","Omu-Aran","INS-NGA-0189","1","","","",""
"MISSING_IN_CATALOG","NGA","NG","Oron","INS-NGA-0067","1","","","",""
"MISSING_IN_CATALOG","NGA","NG","Osara","INS-NGA-0125","1","","","",""
"MISSING_IN_CATALOG","NGA","NG","Ota","INS-NGA-0152;INS-NGA-0158","2","","","",""
"MISSING_IN_CATALOG","NGA","NG","Otuoke","INS-NGA-0015","1","","","",""
"MISSING_IN_CATALOG","NGA","NG","Owerrinta","INS-NGA-0214","1","","","",""
"MISSING_IN_CATALOG","NGA","NG","Oye-Ekiti","INS-NGA-0016","1","","","",""
"MISSING_IN_CATALOG","NGA","NG","Ozoro","INS-NGA-0128","1","","","",""
"MISSING_IN_CATALOG","NGA","NG","Pankshin","INS-NGA-0065","1","","","",""
"MISSING_IN_CATALOG","NGA","NG","Patigi","INS-NGA-0237","1","","","",""
"MISSING_IN_CATALOG","NGA","NG","Piyanko","INS-NGA-0228","1","","","",""
"MISSING_IN_CATALOG","NGA","NG","Rumuolumeni","INS-NGA-0111","1","","","",""
"MISSING_IN_CATALOG","NGA","NG","Science","INS-NGA-0145","1","","","",""
"MISSING_IN_CATALOG","NGA","NG","Science and Technology","INS-NGA-0140;INS-NGA-0142;INS-NGA-0144","3","","","",""
"MISSING_IN_CATALOG","NGA","NG","Suleja","INS-NGA-0309","1","","","",""
"MISSING_IN_CATALOG","NGA","NG","Sumaila","INS-NGA-0229","1","","","",""
"MISSING_IN_CATALOG","NGA","NG","Supare","INS-NGA-0257","1","","","",""
"MISSING_IN_CATALOG","NGA","NG","Tai","INS-NGA-0068","1","","","",""
"MISSING_IN_CATALOG","NGA","NG","Talata Mafara","INS-NGA-0122","1","","","",""
"MISSING_IN_CATALOG","NGA","NG","Toru-Orua","INS-NGA-0119;INS-NGA-0270","2","","","",""
"MISSING_IN_CATALOG","NGA","NG","Tsafe","INS-NGA-0074","1","","","",""
"MISSING_IN_CATALOG","NGA","NG","Uburu","INS-NGA-0050","1","","","",""
"MISSING_IN_CATALOG","NGA","NG","Ugwuomu-Nike","INS-NGA-0181","1","","","",""
"MISSING_IN_CATALOG","NGA","NG","Uli","INS-NGA-0091","1","","","",""
"MISSING_IN_CATALOG","NGA","NG","Umuagwo","INS-NGA-0124","1","","","",""
"MISSING_IN_CATALOG","NGA","NG","Umuchukwu","INS-NGA-0322","1","","","",""
"MISSING_IN_CATALOG","NGA","NG","Umudi","INS-NGA-0200","1","","","",""
"MISSING_IN_CATALOG","NGA","NG","Umudike","INS-NGA-0020","1","","","",""
"MISSING_IN_CATALOG","NGA","NG","Umunede","INS-NGA-0245","1","","","",""
"MISSING_IN_CATALOG","NGA","NG","Umunya","INS-NGA-0176;INS-NGA-0275","2","","","",""
"MISSING_IN_CATALOG","NGA","NG","Uturu","INS-NGA-0080;INS-NGA-0193","2","","","",""
"MISSING_IN_CATALOG","NGA","NG","Vom","INS-NGA-0233","1","","","",""
"MISSING_IN_CATALOG","NGA","NG","Wudil","INS-NGA-0023;INS-NGA-0093","2","","","",""
"MISSING_IN_CATALOG","NGA","NG","Yaba-Odo","INS-NGA-0223","1","","","",""
"MISSING_IN_CATALOG","NGA","NG","Yargaya","INS-NGA-0276","1","","","",""
"MISSING_IN_CATALOG","NGA","NG","Yenagoa","INS-NGA-0094;INS-NGA-0123","2","","","",""
"MISSING_IN_CATALOG","NGA","NG","Yobe","INS-NGA-0004","1","","","",""
"MISSING_IN_CATALOG","NGA","NG","Zuru","INS-NGA-0045","1","","","",""
"MISSING_IN_CATALOG","NIC","NI","Puerto Cabezas","INS-NIC-0014","1","","","",""
"MISSING_IN_CATALOG","NLD","NL","Breukelen","INS-NLD-0006","1","","","",""
"MISSING_IN_CATALOG","NLD","NL","Dronten","INS-NLD-0019","1","","","",""
"MISSING_IN_CATALOG","NLD","NL","Wageningen","INS-NLD-0018","1","","","",""
"MISSING_IN_CATALOG","NOR","NO","Kautokeino","INS-NOR-0032","1","","","",""
"MISSING_IN_CATALOG","NPL","NP","Beljhundi","INS-NPL-0008","1","","","",""
"MISSING_IN_CATALOG","NPL","NP","Chitlang","INS-NPL-0005","1","","","",""
"MISSING_IN_CATALOG","NPL","NP","Dhulikhel","INS-NPL-0003","1","","","",""
"MISSING_IN_CATALOG","NPL","NP","Lalitpur","INS-NPL-0007","1","","","",""
"MISSING_IN_CATALOG","NPL","NP","Lumbini","INS-NPL-0004","1","","","",""
"MISSING_IN_CATALOG","NPL","NP","Mahendranagar","INS-NPL-0002","1","","","",""
"MISSING_IN_CATALOG","NPL","NP","Rampur","INS-NPL-0001","1","","","",""
"MISSING_IN_CATALOG","NPL","NP","Sankhuwasabha","INS-NPL-0013","1","","","",""
"MISSING_IN_CATALOG","NZL","NZ","Lincoln","INS-NZL-0007","1","","","",""
"MISSING_IN_CATALOG","OMN","OM","Al Buraimi","INS-OMN-0002;INS-OMN-0029","2","","","",""
"MISSING_IN_CATALOG","OMN","OM","Barka","INS-OMN-0023","1","","","",""
"MISSING_IN_CATALOG","OMN","OM","Sohar","INS-OMN-0013;INS-OMN-0026","2","","","",""
"MISSING_IN_CATALOG","OMN","OM","Sur","INS-OMN-0028","1","","","",""
"MISSING_IN_CATALOG","PAK","PK","Gilgit","INS-PAK-0054","1","","","",""
"MISSING_IN_CATALOG","PAK","PK","Hyderabad","INS-PAK-0050","1","","","",""
"MISSING_IN_CATALOG","PAK","PK","Mirpur","INS-PAK-0066","1","","","",""
"MISSING_IN_CATALOG","PAK","PK","Sialkot","INS-PAK-0036","1","","","",""
"MISSING_IN_CATALOG","PAK","PK","Tandojam","INS-PAK-0092","1","","","",""
"MISSING_IN_CATALOG","PAK","PK","Topi","INS-PAK-0031","1","","","",""
"MISSING_IN_CATALOG","PAN","PA","Llano Tugrí","INS-PAN-0032","1","","","",""
"MISSING_IN_CATALOG","PER","PE","Bagua","INS-PER-0058","1","","","",""
"MISSING_IN_CATALOG","PER","PE","Chanchamayo","INS-PER-0073","1","","","",""
"MISSING_IN_CATALOG","PER","PE","Chincha","INS-PER-0014","1","","","",""
"MISSING_IN_CATALOG","PER","PE","Huamachuco","INS-PER-0011","1","","","",""
"MISSING_IN_CATALOG","PER","PE","Huanta","INS-PER-0093","1","","","",""
"MISSING_IN_CATALOG","PER","PE","Lircay","INS-PER-0099","1","","","",""
"MISSING_IN_CATALOG","PER","PE","Quillabamba","INS-PER-0032","1","","","",""
"MISSING_IN_CATALOG","PER","PE","San Vicente de Cañete","INS-PER-0055","1","","","",""
"MISSING_IN_CATALOG","PER","PE","Tingo María","INS-PER-0028","1","","","",""
"MISSING_IN_CATALOG","PHL","PH","Aborlan","INS-PHL-0174","1","","","",""
"MISSING_IN_CATALOG","PHL","PH","Bacnotan","INS-PHL-0044","1","","","",""
"MISSING_IN_CATALOG","PHL","PH","Bacolod City","INS-PHL-0117;INS-PHL-0142;INS-PHL-0159","3","","","",""
"MISSING_IN_CATALOG","PHL","PH","Bacolor","INS-PHL-0091","1","","","",""
"MISSING_IN_CATALOG","PHL","PH","Balanga City","INS-PHL-0018","1","","","",""
"MISSING_IN_CATALOG","PHL","PH","Baliuag","INS-PHL-0017","1","","","",""
"MISSING_IN_CATALOG","PHL","PH","Banga","INS-PHL-0004","1","","","",""
"MISSING_IN_CATALOG","PHL","PH","Batac","INS-PHL-0072","1","","","",""
"MISSING_IN_CATALOG","PHL","PH","Batangas City","INS-PHL-0019;INS-PHL-0133","2","","","",""
"MISSING_IN_CATALOG","PHL","PH","Baybay","INS-PHL-0169","1","","","",""
"MISSING_IN_CATALOG","PHL","PH","Bilar","INS-PHL-0023","1","","","",""
"MISSING_IN_CATALOG","PHL","PH","Biliran","INS-PHL-0022","1","","","",""
"MISSING_IN_CATALOG","PHL","PH","Buenavista","INS-PHL-0053","1","","","",""
"MISSING_IN_CATALOG","PHL","PH","Butuan City","INS-PHL-0029;INS-PHL-0049;INS-PHL-0101","3","","","",""
"MISSING_IN_CATALOG","PHL","PH","Cabanatuan City","INS-PHL-0007;INS-PHL-0086;INS-PHL-0170","3","","","",""
"MISSING_IN_CATALOG","PHL","PH","Cagayan de Oro City","INS-PHL-0027;INS-PHL-0065;INS-PHL-0155;INS-PHL-0175","4","","","",""
"MISSING_IN_CATALOG","PHL","PH","Calbayog City","INS-PHL-0081","1","","","",""
"MISSING_IN_CATALOG","PHL","PH","Camiling","INS-PHL-0119","1","","","",""
"MISSING_IN_CATALOG","PHL","PH","Catbalogan City","INS-PHL-0104","1","","","",""
"MISSING_IN_CATALOG","PHL","PH","City of Biñan","INS-PHL-0147","1","","","",""
"MISSING_IN_CATALOG","PHL","PH","City of General Santos","INS-PHL-0083","1","","","",""
"MISSING_IN_CATALOG","PHL","PH","City of San Fernando","INS-PHL-0160","1","","","",""
"MISSING_IN_CATALOG","PHL","PH","Cotabato City","INS-PHL-0085","1","","","",""
"MISSING_IN_CATALOG","PHL","PH","Dasmariñas City","INS-PHL-0042","1","","","",""
"MISSING_IN_CATALOG","PHL","PH","Davao City","INS-PHL-0013;INS-PHL-0141;INS-PHL-0156;INS-PHL-0164","4","","","",""
"MISSING_IN_CATALOG","PHL","PH","Diffun","INS-PHL-0098","1","","","",""
"MISSING_IN_CATALOG","PHL","PH","Echague","INS-PHL-0058","1","","","",""
"MISSING_IN_CATALOG","PHL","PH","Goa","INS-PHL-0093","1","","","",""
"MISSING_IN_CATALOG","PHL","PH","Iligan City","INS-PHL-0075","1","","","",""
"MISSING_IN_CATALOG","PHL","PH","Iloilo City","INS-PHL-0039;INS-PHL-0057;INS-PHL-0059;INS-PHL-0112;INS-PHL-0138;INS-PHL-0150;INS-PHL-0171;INS-PHL-0172","8","","","",""
"MISSING_IN_CATALOG","PHL","PH","Indang","INS-PHL-0031","1","","","",""
"MISSING_IN_CATALOG","PHL","PH","Kabacan","INS-PHL-0157","1","","","",""
"MISSING_IN_CATALOG","PHL","PH","Koronadal City","INS-PHL-0084","1","","","",""
"MISSING_IN_CATALOG","PHL","PH","Lagangilang","INS-PHL-0129","1","","","",""
"MISSING_IN_CATALOG","PHL","PH","Laoag City","INS-PHL-0082","1","","","",""
"MISSING_IN_CATALOG","PHL","PH","Lipa City","INS-PHL-0041","1","","","",""
"MISSING_IN_CATALOG","PHL","PH","Lucban","INS-PHL-0109","1","","","",""
"MISSING_IN_CATALOG","PHL","PH","Lucena City","INS-PHL-0070","1","","","",""
"MISSING_IN_CATALOG","PHL","PH","Malaybalay City","INS-PHL-0024","1","","","",""
"MISSING_IN_CATALOG","PHL","PH","Malolos City","INS-PHL-0025;INS-PHL-0061","2","","","",""
"MISSING_IN_CATALOG","PHL","PH","Maramag","INS-PHL-0038","1","","","",""
"MISSING_IN_CATALOG","PHL","PH","Odiongan","INS-PHL-0100","1","","","",""
"MISSING_IN_CATALOG","PHL","PH","Ozamiz City","INS-PHL-0062;INS-PHL-0076","2","","","",""
"MISSING_IN_CATALOG","PHL","PH","Puerto Princesa City","INS-PHL-0056;INS-PHL-0089","2","","","",""
"MISSING_IN_CATALOG","PHL","PH","Quiapo","INS-PHL-0069","1","","","",""
"MISSING_IN_CATALOG","PHL","PH","Sampaloc","INS-PHL-0047","1","","","",""
"MISSING_IN_CATALOG","PHL","PH","San Carlos City","INS-PHL-0168","1","","","",""
"MISSING_IN_CATALOG","PHL","PH","Santiago City","INS-PHL-0139","1","","","",""
"MISSING_IN_CATALOG","PHL","PH","Science City of Muñoz","INS-PHL-0037","1","","","",""
"MISSING_IN_CATALOG","PHL","PH","Sibalom","INS-PHL-0130","1","","","",""
"MISSING_IN_CATALOG","PHL","PH","Silang","INS-PHL-0002;INS-PHL-0003","2","","","",""
"MISSING_IN_CATALOG","PHL","PH","Sogod","INS-PHL-0108","1","","","",""
"MISSING_IN_CATALOG","PHL","PH","Sorsogon City","INS-PHL-0107","1","","","",""
"MISSING_IN_CATALOG","PHL","PH","Sta. Cruz","INS-PHL-0063","1","","","",""
"MISSING_IN_CATALOG","PHL","PH","Surigao City","INS-PHL-0116","1","","","",""
"MISSING_IN_CATALOG","PHL","PH","Tacloban City","INS-PHL-0046;INS-PHL-0064","2","","","",""
"MISSING_IN_CATALOG","PHL","PH","Tacurong City","INS-PHL-0118","1","","","",""
"MISSING_IN_CATALOG","PHL","PH","Tanay","INS-PHL-0148","1","","","",""
"MISSING_IN_CATALOG","PHL","PH","Tuguegarao City","INS-PHL-0026;INS-PHL-0114;INS-PHL-0135;INS-PHL-0149","4","","","",""
"MISSING_IN_CATALOG","PHL","PH","Urdaneta City","INS-PHL-0167","1","","","",""
"MISSING_IN_CATALOG","PHL","PH","Valenzuela City","INS-PHL-0088","1","","","",""
"MISSING_IN_CATALOG","PHL","PH","Vigan City","INS-PHL-0143","1","","","",""
"MISSING_IN_CATALOG","PNG","PG","Ialibu","INS-PNG-0008","1","","","",""
"MISSING_IN_CATALOG","PNG","PG","Vudal","INS-PNG-0004","1","","","",""
"MISSING_IN_CATALOG","PNG","PG","Wabag","INS-PNG-0009","1","","","",""
"MISSING_IN_CATALOG","POL","PL","Dęblin","INS-POL-0129","1","","","",""
"MISSING_IN_CATALOG","POL","PL","Nowy Targ","INS-POL-0076","1","","","",""
"MISSING_IN_CATALOG","POL","PL","Wałcz","INS-POL-0078","1","","","",""
"MISSING_IN_CATALOG","PRK","KP","Chongjin","INS-PRK-0001;INS-PRK-0002;INS-PRK-0003;INS-PRK-0004","4","","","",""
"MISSING_IN_CATALOG","PRK","KP","Huichon","INS-PRK-0008","1","","","",""
"MISSING_IN_CATALOG","PRK","KP","Rason","INS-PRK-0023","1","","","",""
"MISSING_IN_CATALOG","PRT","PT","Barcarena","INS-PRT-0038","1","","","",""
"MISSING_IN_CATALOG","PRT","PT","Setúbal","INS-PRT-0026","1","","","",""
"MISSING_IN_CATALOG","PRT","PT","Tomar","INS-PRT-0027","1","","","",""
"MISSING_IN_CATALOG","PRY","PY","Caaguazú","INS-PRY-0056","1","","","",""
"MISSING_IN_CATALOG","PRY","PY","Saltos del Guairá","INS-PRY-0038","1","","","",""
"MISSING_IN_CATALOG","PSE","","Abu Dis","INS-PSE-0009","1","","","",""
"MISSING_IN_CATALOG","PSE","","Al-Dhahiriya","INS-PSE-0004","1","","","",""
"MISSING_IN_CATALOG","PSE","","Al-Zahra","INS-PSE-0039","1","","","",""
"MISSING_IN_CATALOG","PSE","","Beit Jala","INS-PSE-0026","1","","","",""
"MISSING_IN_CATALOG","PSE","","Bethlehem","INS-PSE-0017;INS-PSE-0018;INS-PSE-0021;INS-PSE-0029","4","","","",""
"MISSING_IN_CATALOG","PSE","","Birzeit","INS-PSE-0019","1","","","",""
"MISSING_IN_CATALOG","PSE","","Deir Al-Balah","INS-PSE-0032","1","","","",""
"MISSING_IN_CATALOG","PSE","","Gaza City","INS-PSE-0001;INS-PSE-0002;INS-PSE-0003;INS-PSE-0005;INS-PSE-0022;INS-PSE-0024;INS-PSE-0025;INS-PSE-0036","8","","","",""
"MISSING_IN_CATALOG","PSE","","Hebron","INS-PSE-0023;INS-PSE-0031;INS-PSE-0035","3","","","",""
"MISSING_IN_CATALOG","PSE","","Jenin","INS-PSE-0014","1","","","",""
"MISSING_IN_CATALOG","PSE","","Jericho","INS-PSE-0006","1","","","",""
"MISSING_IN_CATALOG","PSE","","Jerusalem","INS-PSE-0007;INS-PSE-0011","2","","","",""
"MISSING_IN_CATALOG","PSE","","Khan Younis","INS-PSE-0020;INS-PSE-0030;INS-PSE-0038","3","","","",""
"MISSING_IN_CATALOG","PSE","","Nablus","INS-PSE-0010;INS-PSE-0013;INS-PSE-0028","3","","","",""
"MISSING_IN_CATALOG","PSE","","Qalqilya","INS-PSE-0034","1","","","",""
"MISSING_IN_CATALOG","PSE","","Rafah","INS-PSE-0015","1","","","",""
"MISSING_IN_CATALOG","PSE","","Ramallah","INS-PSE-0008;INS-PSE-0016;INS-PSE-0027;INS-PSE-0037;INS-PSE-0040","5","","","",""
"MISSING_IN_CATALOG","PSE","","Salfit","INS-PSE-0012","1","","","",""
"MISSING_IN_CATALOG","PSE","","Tulkarm","INS-PSE-0033","1","","","",""
"MISSING_IN_CATALOG","QAT","QA","Al Rayyan","INS-QAT-0011","1","","","",""
"MISSING_IN_CATALOG","QAT","QA","Lusail","INS-QAT-0013","1","","","",""
"MISSING_IN_CATALOG","ROU","RO","Cernica","INS-ROU-0082","1","","","",""
"MISSING_IN_CATALOG","ROU","RO","Lugoj","INS-ROU-0075","1","","","",""
"MISSING_IN_CATALOG","ROU","RO","Petroșani","INS-ROU-0034","1","","","",""
"MISSING_IN_CATALOG","ROU","RO","Târgu Mureș","INS-ROU-0080;INS-ROU-0040;INS-ROU-0041","3","","","",""
"MISSING_IN_CATALOG","RUS","RU","Cherepovets","INS-RUS-0025","1","","","",""
"MISSING_IN_CATALOG","RUS","RU","Cherkizovo","INS-RUS-0180","1","","","",""
"MISSING_IN_CATALOG","RUS","RU","Dolgoprudny","INS-RUS-0109","1","","","",""
"MISSING_IN_CATALOG","RUS","RU","Gorno-Altaisk","INS-RUS-0047","1","","","",""
"MISSING_IN_CATALOG","RUS","RU","Grozny","INS-RUS-0048;INS-RUS-0066","2","","","",""
"MISSING_IN_CATALOG","RUS","RU","Innopolis","INS-RUS-0055","1","","","",""
"MISSING_IN_CATALOG","RUS","RU","Komsomolsk-on-Amur","INS-RUS-0081","1","","","",""
"MISSING_IN_CATALOG","RUS","RU","Magas","INS-RUS-0054","1","","","",""
"MISSING_IN_CATALOG","RUS","RU","Magnitogorsk","INS-RUS-0135","1","","","",""
"MISSING_IN_CATALOG","RUS","RU","Nizhnevartovsk","INS-RUS-0125","1","","","",""
"MISSING_IN_CATALOG","RUS","RU","Nizhny Novgorod","INS-RUS-0095;INS-RUS-0097;INS-RUS-0104;INS-RUS-0126;INS-RUS-0161;INS-RUS-0264","6","","","",""
"MISSING_IN_CATALOG","RUS","RU","Novokuznetsk","INS-RUS-0211","1","","","",""
"MISSING_IN_CATALOG","RUS","RU","Oryol","INS-RUS-0143","1","","","",""
"MISSING_IN_CATALOG","RUS","RU","Petropavlovsk-Kamchatsky","INS-RUS-0260","1","","","",""
"MISSING_IN_CATALOG","RUS","RU","Pushkin","INS-RUS-0184","1","","","",""
"MISSING_IN_CATALOG","RUS","RU","Rostov-on-Don","INS-RUS-0034;INS-RUS-0167;INS-RUS-0168;INS-RUS-0221","4","","","",""
"MISSING_IN_CATALOG","RUS","RU","Sochi","INS-RUS-0218","1","","","",""
"MISSING_IN_CATALOG","RUS","RU","Surgut","INS-RUS-0227","1","","","",""
"MISSING_IN_CATALOG","RUS","RU","Tolyatti","INS-RUS-0233","1","","","",""
"MISSING_IN_CATALOG","RUS","RU","Ukhta","INS-RUS-0246","1","","","",""
"MISSING_IN_CATALOG","RUS","RU","Veliky Novgorod","INS-RUS-0274","1","","","",""
"MISSING_IN_CATALOG","RUS","RU","Zelenograd","INS-RUS-0122","1","","","",""
"MISSING_IN_CATALOG","RWA","RW","Butare","INS-RWA-0004","1","","","",""
"MISSING_IN_CATALOG","RWA","RW","Huye","INS-RWA-0010","1","","","",""
"MISSING_IN_CATALOG","RWA","RW","Musanze","INS-RWA-0007","1","","","",""
"MISSING_IN_CATALOG","RWA","RW","Nyagatare","INS-RWA-0005","1","","","",""
"MISSING_IN_CATALOG","SAU","SA","Al Baha","INS-SAU-0001","1","","","",""
"MISSING_IN_CATALOG","SAU","SA","Al Bukayriyah","INS-SAU-0047","1","","","",""
"MISSING_IN_CATALOG","SAU","SA","Al Hofuf","INS-SAU-0030","1","","","",""
"MISSING_IN_CATALOG","SAU","SA","Al Khobar","INS-SAU-0039","1","","","",""
"MISSING_IN_CATALOG","SAU","SA","Al Majma'ah","INS-SAU-0034","1","","","",""
"MISSING_IN_CATALOG","SAU","SA","Bisha","INS-SAU-0051","1","","","",""
"MISSING_IN_CATALOG","SAU","SA","Buraidah","INS-SAU-0005;INS-SAU-0013;INS-SAU-0043","3","","","",""
"MISSING_IN_CATALOG","SAU","SA","Dammam","INS-SAU-0021;INS-SAU-0035","2","","","",""
"MISSING_IN_CATALOG","SAU","SA","Dhahran","INS-SAU-0029","1","","","",""
"MISSING_IN_CATALOG","SAU","SA","Hafar Al Batin","INS-SAU-0053","1","","","",""
"MISSING_IN_CATALOG","SAU","SA","Hail","INS-SAU-0054","1","","","",""
"MISSING_IN_CATALOG","SAU","SA","King Abdullah Economic City","INS-SAU-0036","1","","","",""
"MISSING_IN_CATALOG","SAU","SA","Madinah","INS-SAU-0006;INS-SAU-0024;INS-SAU-0048;INS-SAU-0056","4","","","",""
"MISSING_IN_CATALOG","SAU","SA","Makkah","INS-SAU-0050","1","","","",""
"MISSING_IN_CATALOG","SAU","SA","Shaqra","INS-SAU-0046","1","","","",""
"MISSING_IN_CATALOG","SAU","SA","Taif","INS-SAU-0049","1","","","",""
"MISSING_IN_CATALOG","SAU","SA","Thuwal","INS-SAU-0028","1","","","",""
"MISSING_IN_CATALOG","SDN","SD","Ad Damazin","INS-SDN-0032","1","","","",""
"MISSING_IN_CATALOG","SDN","SD","Al-Fashir","INS-SDN-0002","1","","","",""
"MISSING_IN_CATALOG","SDN","SD","Al-Fulah","INS-SDN-0005;INS-SDN-0051","2","","","",""
"MISSING_IN_CATALOG","SDN","SD","Berber","INS-SDN-0009","1","","","",""
"MISSING_IN_CATALOG","SDN","SD","Dilling","INS-SDN-0006","1","","","",""
"MISSING_IN_CATALOG","SDN","SD","Ed Dueim","INS-SDN-0031","1","","","",""
"MISSING_IN_CATALOG","SDN","SD","Gadaref","INS-SDN-0037","1","","","",""
"MISSING_IN_CATALOG","SDN","SD","Geneina","INS-SDN-0035","1","","","",""
"MISSING_IN_CATALOG","SDN","SD","Kosti","INS-SDN-0036;INS-SDN-0052","2","","","",""
"MISSING_IN_CATALOG","SDN","SD","Merowe","INS-SDN-0015","1","","","",""
"MISSING_IN_CATALOG","SDN","SD","Rufaa","INS-SDN-0029","1","","","",""
"MISSING_IN_CATALOG","SDN","SD","Sennar","INS-SDN-0023","1","","","",""
"MISSING_IN_CATALOG","SDN","SD","Wad Madani","INS-SDN-0039;INS-SDN-0050","2","","","",""
"MISSING_IN_CATALOG","SEN","SN","Bambey","INS-SEN-0016","1","","","",""
"MISSING_IN_CATALOG","SLE","SL","Magburaka","INS-SLE-0002","1","","","",""
"MISSING_IN_CATALOG","SLE","SL","Njala","INS-SLE-0004","1","","","",""
"MISSING_IN_CATALOG","SLV","SV","Antiguo Cuscatlán","INS-SLV-0006;INS-SLV-0012","2","","","",""
"MISSING_IN_CATALOG","SMR","SM","San Marino","INS-SMR-0001","1","","","",""
"MISSING_IN_CATALOG","SOM","SO","Bardera","INS-SOM-0006","1","","","",""
"MISSING_IN_CATALOG","SOM","SO","Borama","INS-SOM-0004;INS-SOM-0027","2","","","",""
"MISSING_IN_CATALOG","SOM","SO","Bosaso","INS-SOM-0002;INS-SOM-0019;INS-SOM-0023;INS-SOM-0030","4","","","",""
"MISSING_IN_CATALOG","SOM","SO","Burao","INS-SOM-0003","1","","","",""
"MISSING_IN_CATALOG","SOM","SO","Ceerigaabo","INS-SOM-0049","1","","","",""
"MISSING_IN_CATALOG","SOM","SO","Galkayo","INS-SOM-0005;INS-SOM-0036","2","","","",""
"MISSING_IN_CATALOG","SOM","SO","Hargeisa","INS-SOM-0007;INS-SOM-0008;INS-SOM-0022;INS-SOM-0052","4","","","",""
"MISSING_IN_CATALOG","SOM","SO","Kismayo","INS-SOM-0012","1","","","",""
"MISSING_IN_CATALOG","SOM","SO","Las Anod","INS-SOM-0014","1","","","",""
"MISSING_IN_CATALOG","SOM","SO","Merca","INS-SOM-0021","1","","","",""
"MISSING_IN_CATALOG","SRB","RS","Kosovska Mitrovica","INS-SRB-0006","1","","","",""
"MISSING_IN_CATALOG","SRB","RS","Leposavić","INS-SRB-0029","1","","","",""
"MISSING_IN_CATALOG","SRB","RS","Sremska Kamenica","INS-SRB-0014","1","","","",""
"MISSING_IN_CATALOG","SSD","SS","Akobo","INS-SSD-0001","1","","","",""
"MISSING_IN_CATALOG","SSD","SS","Khartoum","INS-SSD-0010","1","","","",""
"MISSING_IN_CATALOG","SVK","SK","Banská Štiavnica","INS-SVK-0025","1","","","",""
"MISSING_IN_CATALOG","SVK","SK","Dubnica nad Váhom","INS-SVK-0029","1","","","",""
"MISSING_IN_CATALOG","SVK","SK","Komárno","INS-SVK-0008","1","","","",""
"MISSING_IN_CATALOG","SVK","SK","Sládkovičovo","INS-SVK-0028","1","","","",""
"MISSING_IN_CATALOG","SVN","SI","Rogaška Slatina","INS-SVN-0021","1","","","",""
"MISSING_IN_CATALOG","SVN","SI","Slovenj Gradec","INS-SVN-0018","1","","","",""
"MISSING_IN_CATALOG","SVN","SI","Trzin","INS-SVN-0015","1","","","",""
"MISSING_IN_CATALOG","SWE","SE","Huddinge","INS-SWE-0031;INS-SWE-0025","2","","","",""
"MISSING_IN_CATALOG","SWE","SE","Lund","INS-SWE-0008","1","","","",""
"MISSING_IN_CATALOG","SWE","SE","Solna","INS-SWE-0003","1","","","",""
"MISSING_IN_CATALOG","SWZ","SZ","Ezulwini","INS-SWZ-0003","1","","","",""
"MISSING_IN_CATALOG","SWZ","SZ","Matsapha","INS-SWZ-0004","1","","","",""
"MISSING_IN_CATALOG","SYC","SC","Anse Royale","INS-SYC-0001","1","","","",""
"MISSING_IN_CATALOG","SYR","SY","Azaz","INS-SYR-0001;INS-SYR-0017;INS-SYR-0024","3","","","",""
"MISSING_IN_CATALOG","SYR","SY","Damascus Countryside","INS-SYR-0012;INS-SYR-0028;INS-SYR-0045;INS-SYR-0052;INS-SYR-0053","5","","","",""
"MISSING_IN_CATALOG","SYR","SY","Daraa","INS-SYR-0020","1","","","",""
"MISSING_IN_CATALOG","SYR","SY","Deir Atiyah","INS-SYR-0047","1","","","",""
"MISSING_IN_CATALOG","SYR","SY","Deir ez-Zor","INS-SYR-0004;INS-SYR-0007","2","","","",""
"MISSING_IN_CATALOG","SYR","SY","Hama","INS-SYR-0019;INS-SYR-0029;INS-SYR-0036","3","","","",""
"MISSING_IN_CATALOG","SYR","SY","Maarat Saidnaya","INS-SYR-0025","1","","","",""
"MISSING_IN_CATALOG","SYR","SY","Tartous","INS-SYR-0002;INS-SYR-0049;INS-SYR-0056","3","","","",""
"MISSING_IN_CATALOG","TCD","TD","Faya-Largeau","INS-TCD-0013","1","","","",""
"MISSING_IN_CATALOG","TCD","TD","Pala","INS-TCD-0010","1","","","",""
"MISSING_IN_CATALOG","TGO","TG","Kara","INS-TGO-0001","1","","","",""
"MISSING_IN_CATALOG","THA","TH","Buriram","INS-THA-0009","1","","","",""
"MISSING_IN_CATALOG","THA","TH","Chonburi","INS-THA-0008;INS-THA-0079","2","","","",""
"MISSING_IN_CATALOG","THA","TH","Klong Luang","INS-THA-0001","1","","","",""
"MISSING_IN_CATALOG","THA","TH","Lopburi","INS-THA-0112","1","","","",""
"MISSING_IN_CATALOG","THA","TH","Muak Lek","INS-THA-0002","1","","","",""
"MISSING_IN_CATALOG","THA","TH","Rangsit","INS-THA-0022","1","","","",""
"MISSING_IN_CATALOG","THA","TH","Sisaket","INS-THA-0011;INS-THA-0094","2","","","",""
"MISSING_IN_CATALOG","TJK","TJ","Dangara","INS-TJK-0004","1","","","",""
"MISSING_IN_CATALOG","TJK","TJ","Khorog","INS-TJK-0007","1","","","",""
"MISSING_IN_CATALOG","TKM","TM","Dashoguz","INS-TKM-0010","1","","","",""
"MISSING_IN_CATALOG","TLS","TL","Gleno","INS-TLS-0002","1","","","",""
"MISSING_IN_CATALOG","TTO","TT","St. Joseph","INS-TTO-0005","1","","","",""
"MISSING_IN_CATALOG","TTO","TT","Upper Santa Cruz","INS-TTO-0001","1","","","",""
"MISSING_IN_CATALOG","TTO","TT","Valsayn","INS-TTO-0002","1","","","",""
"MISSING_IN_CATALOG","TTO","TT","Wallerfield","INS-TTO-0004","1","","","",""
"MISSING_IN_CATALOG","TUN","TN","Carthage","INS-TUN-0004","1","","","",""
"MISSING_IN_CATALOG","TZA","TZ","Butiama","INS-TZA-0015","1","","","",""
"MISSING_IN_CATALOG","TZA","TZ","Mbezi","INS-TZA-0025","1","","","",""
"MISSING_IN_CATALOG","TZA","TZ","Zanzibar City","INS-TZA-0001;INS-TZA-0027;INS-TZA-0035","3","","","",""
"MISSING_IN_CATALOG","UGA","UG","Busitema","INS-UGA-0009","1","","","",""
"MISSING_IN_CATALOG","UGA","UG","Entebbe","INS-UGA-0032","1","","","",""
"MISSING_IN_CATALOG","UGA","UG","Kabwohe","INS-UGA-0005","1","","","",""
"MISSING_IN_CATALOG","UGA","UG","Kisubi","INS-UGA-0040","1","","","",""
"MISSING_IN_CATALOG","UGA","UG","Ndejje","INS-UGA-0031","1","","","",""
"MISSING_IN_CATALOG","UKR","UA","Ostroh","INS-UKR-0091","1","","","",""
"MISSING_IN_CATALOG","USA","US","Aberdeen","INS-USA-0497","1","","","",""
"MISSING_IN_CATALOG","USA","US","Abilene","INS-USA-0002;INS-USA-0311;INS-USA-0406","3","","","",""
"MISSING_IN_CATALOG","USA","US","Ada","INS-USA-0218;INS-USA-0508","2","","","",""
"MISSING_IN_CATALOG","USA","US","Addison","INS-USA-0140","1","","","",""
"MISSING_IN_CATALOG","USA","US","Adrian","INS-USA-0590","1","","","",""
"MISSING_IN_CATALOG","USA","US","Aiken","INS-USA-0842","1","","","",""
"MISSING_IN_CATALOG","USA","US","Alamosa","INS-USA-0004","1","","","",""
"MISSING_IN_CATALOG","USA","US","Alfred","INS-USA-0014","1","","","",""
"MISSING_IN_CATALOG","USA","US","Aliso Viejo","INS-USA-0596","1","","","",""
"MISSING_IN_CATALOG","USA","US","Allendale","INS-USA-0303","1","","","",""
"MISSING_IN_CATALOG","USA","US","Alliance","INS-USA-0794","1","","","",""
"MISSING_IN_CATALOG","USA","US","Alpine","INS-USA-0652","1","","","",""
"MISSING_IN_CATALOG","USA","US","Alva","INS-USA-0500","1","","","",""
"MISSING_IN_CATALOG","USA","US","Americus","INS-USA-0291","1","","","",""
"MISSING_IN_CATALOG","USA","US","Ames","INS-USA-0341","1","","","",""
"MISSING_IN_CATALOG","USA","US","Amherst","INS-USA-0190;INS-USA-0776","2","","","",""
"MISSING_IN_CATALOG","USA","US","Anderson","INS-USA-0021;INS-USA-0022","2","","","",""
"MISSING_IN_CATALOG","USA","US","Annville","INS-USA-0369","1","","","",""
"MISSING_IN_CATALOG","USA","US","Arcata","INS-USA-0103","1","","","",""
"MISSING_IN_CATALOG","USA","US","Arkadelphia","INS-USA-0316","1","","","",""
"MISSING_IN_CATALOG","USA","US","Ashland","INS-USA-0034;INS-USA-0613","2","","","",""
"MISSING_IN_CATALOG","USA","US","Aston","INS-USA-0473","1","","","",""
"MISSING_IN_CATALOG","USA","US","Auburn","INS-USA-0037","1","","","",""
"MISSING_IN_CATALOG","USA","US","Ave Maria","INS-USA-0044","1","","","",""
"MISSING_IN_CATALOG","USA","US","Azusa","INS-USA-0047","1","","","",""
"MISSING_IN_CATALOG","USA","US","Baldwin City","INS-USA-0048","1","","","",""
"MISSING_IN_CATALOG","USA","US","Bangor","INS-USA-0326","1","","","",""
"MISSING_IN_CATALOG","USA","US","Beckley","INS-USA-0936","1","","","",""
"MISSING_IN_CATALOG","USA","US","Bellingham","INS-USA-0933","1","","","",""
"MISSING_IN_CATALOG","USA","US","Belton","INS-USA-0770","1","","","",""
"MISSING_IN_CATALOG","USA","US","Bemidji","INS-USA-0060","1","","","",""
"MISSING_IN_CATALOG","USA","US","Berea","INS-USA-0049","1","","","",""
"MISSING_IN_CATALOG","USA","US","Berkeley","INS-USA-0710","1","","","",""
"MISSING_IN_CATALOG","USA","US","Berrien Springs","INS-USA-0023","1","","","",""
"MISSING_IN_CATALOG","USA","US","Bethany","INS-USA-0611;INS-USA-0622","2","","","",""
"MISSING_IN_CATALOG","USA","US","Bethesda","INS-USA-0693","1","","","",""
"MISSING_IN_CATALOG","USA","US","Bethlehem","INS-USA-0370;INS-USA-0451","2","","","",""
"MISSING_IN_CATALOG","USA","US","Biddeford","INS-USA-0801","1","","","",""
"MISSING_IN_CATALOG","USA","US","Big Rapids","INS-USA-0254","1","","","",""
"MISSING_IN_CATALOG","USA","US","Billings","INS-USA-0447","1","","","",""
"MISSING_IN_CATALOG","USA","US","Blacksburg","INS-USA-0902","1","","","",""
"MISSING_IN_CATALOG","USA","US","Bloomsburg","INS-USA-0174","1","","","",""
"MISSING_IN_CATALOG","USA","US","Blue Mountain","INS-USA-0069","1","","","",""
"MISSING_IN_CATALOG","USA","US","Bluefield","INS-USA-0070;INS-USA-0071","2","","","",""
"MISSING_IN_CATALOG","USA","US","Bluffton","INS-USA-0072;INS-USA-0843","2","","","",""
"MISSING_IN_CATALOG","USA","US","Boca Raton","INS-USA-0247;INS-USA-0259;INS-USA-0391","3","","","",""
"MISSING_IN_CATALOG","USA","US","Boiling Springs","INS-USA-0283","1","","","",""
"MISSING_IN_CATALOG","USA","US","Bolivar","INS-USA-0619","1","","","",""
"MISSING_IN_CATALOG","USA","US","Boone","INS-USA-0026","1","","","",""
"MISSING_IN_CATALOG","USA","US","Boulder","INS-USA-0465;INS-USA-0727","2","","","",""
"MISSING_IN_CATALOG","USA","US","Bourbonnais","INS-USA-0517","1","","","",""
"MISSING_IN_CATALOG","USA","US","Bowie","INS-USA-0076","1","","","",""
"MISSING_IN_CATALOG","USA","US","Bowling Green","INS-USA-0077;INS-USA-0928","2","","","",""
"MISSING_IN_CATALOG","USA","US","Bozeman","INS-USA-0446","1","","","",""
"MISSING_IN_CATALOG","USA","US","Bridgewater","INS-USA-0084","1","","","",""
"MISSING_IN_CATALOG","USA","US","Bristol","INS-USA-0358;INS-USA-0554","2","","","",""
"MISSING_IN_CATALOG","USA","US","Brookings","INS-USA-0599","1","","","",""
"MISSING_IN_CATALOG","USA","US","Brookville","INS-USA-0380","1","","","",""
"MISSING_IN_CATALOG","USA","US","Buena Vista","INS-USA-0617","1","","","",""
"MISSING_IN_CATALOG","USA","US","Buies Creek","INS-USA-0123","1","","","",""
"MISSING_IN_CATALOG","USA","US","Butte","INS-USA-0449","1","","","",""
"MISSING_IN_CATALOG","USA","US","Caldwell","INS-USA-0096","1","","","",""
"MISSING_IN_CATALOG","USA","US","Camarillo","INS-USA-0105","1","","","",""
"MISSING_IN_CATALOG","USA","US","Cambridge","INS-USA-0314;INS-USA-0325;INS-USA-0403","3","","","",""
"MISSING_IN_CATALOG","USA","US","Campbellsville","INS-USA-0124","1","","","",""
"MISSING_IN_CATALOG","USA","US","Canyon","INS-USA-0921","1","","","",""
"MISSING_IN_CATALOG","USA","US","Cape Girardeau","INS-USA-0601","1","","","",""
"MISSING_IN_CATALOG","USA","US","Carbondale","INS-USA-0608","1","","","",""
"MISSING_IN_CATALOG","USA","US","Carrollton","INS-USA-0871","1","","","",""
"MISSING_IN_CATALOG","USA","US","Carson","INS-USA-0109","1","","","",""
"MISSING_IN_CATALOG","USA","US","Castine","INS-USA-0394","1","","","",""
"MISSING_IN_CATALOG","USA","US","Cedar City","INS-USA-0616","1","","","",""
"MISSING_IN_CATALOG","USA","US","Cedar Falls","INS-USA-0818","1","","","",""
"MISSING_IN_CATALOG","USA","US","Cedarville","INS-USA-0133","1","","","",""
"MISSING_IN_CATALOG","USA","US","Center Valley","INS-USA-0202","1","","","",""
"MISSING_IN_CATALOG","USA","US","Central","INS-USA-0618","1","","","",""
"MISSING_IN_CATALOG","USA","US","Chapel Hill","INS-USA-0808","1","","","",""
"MISSING_IN_CATALOG","USA","US","Charlottesville","INS-USA-0868","1","","","",""
"MISSING_IN_CATALOG","USA","US","Cheney","INS-USA-0231","1","","","",""
"MISSING_IN_CATALOG","USA","US","Chester","INS-USA-0940","1","","","",""
"MISSING_IN_CATALOG","USA","US","Cheyney","INS-USA-0146","1","","","",""
"MISSING_IN_CATALOG","USA","US","Chickasha","INS-USA-0836","1","","","",""
"MISSING_IN_CATALOG","USA","US","Chico","INS-USA-0108","1","","","",""
"MISSING_IN_CATALOG","USA","US","Circleville","INS-USA-0506","1","","","",""
"MISSING_IN_CATALOG","USA","US","Claremont","INS-USA-0153","1","","","",""
"MISSING_IN_CATALOG","USA","US","Clemson","INS-USA-0160","1","","","",""
"MISSING_IN_CATALOG","USA","US","College Park","INS-USA-0772","1","","","",""
"MISSING_IN_CATALOG","USA","US","College Place","INS-USA-0908","1","","","",""
"MISSING_IN_CATALOG","USA","US","Collegedale","INS-USA-0605","1","","","",""
"MISSING_IN_CATALOG","USA","US","Commerce","INS-USA-0221","1","","","",""
"MISSING_IN_CATALOG","USA","US","Conway","INS-USA-0162;INS-USA-0720","2","","","",""
"MISSING_IN_CATALOG","USA","US","Cookeville","INS-USA-0659","1","","","",""
"MISSING_IN_CATALOG","USA","US","Coral Gables","INS-USA-0780","1","","","",""
"MISSING_IN_CATALOG","USA","US","Corvallis","INS-USA-0521","1","","","",""
"MISSING_IN_CATALOG","USA","US","Costa Mesa","INS-USA-0897","1","","","",""
"MISSING_IN_CATALOG","USA","US","Crete","INS-USA-0206","1","","","",""
"MISSING_IN_CATALOG","USA","US","Cullowhee","INS-USA-0924","1","","","",""
"MISSING_IN_CATALOG","USA","US","Dahlonega","INS-USA-0815","1","","","",""
"MISSING_IN_CATALOG","USA","US","Danville","INS-USA-0045","1","","","",""
"MISSING_IN_CATALOG","USA","US","Davis","INS-USA-0711","1","","","",""
"MISSING_IN_CATALOG","USA","US","Daytona Beach","INS-USA-0065;INS-USA-0239","2","","","",""
"MISSING_IN_CATALOG","USA","US","Dearborn","INS-USA-0782","1","","","",""
"MISSING_IN_CATALOG","USA","US","Decatur","INS-USA-0430","1","","","",""
"MISSING_IN_CATALOG","USA","US","DeKalb","INS-USA-0494","1","","","",""
"MISSING_IN_CATALOG","USA","US","DeLand","INS-USA-0645","1","","","",""
"MISSING_IN_CATALOG","USA","US","Demorest","INS-USA-0529","1","","","",""
"MISSING_IN_CATALOG","USA","US","Dickinson","INS-USA-0204","1","","","",""
"MISSING_IN_CATALOG","USA","US","Dobbs Ferry","INS-USA-0410","1","","","",""
"MISSING_IN_CATALOG","USA","US","Downers Grove","INS-USA-0427","1","","","",""
"MISSING_IN_CATALOG","USA","US","Doylestown","INS-USA-0196","1","","","",""
"MISSING_IN_CATALOG","USA","US","Dubuque","INS-USA-0156;INS-USA-0241;INS-USA-0736","3","","","",""
"MISSING_IN_CATALOG","USA","US","Durant","INS-USA-0603","1","","","",""
"MISSING_IN_CATALOG","USA","US","East Hartford","INS-USA-0297","1","","","",""
"MISSING_IN_CATALOG","USA","US","East Lansing","INS-USA-0417","1","","","",""
"MISSING_IN_CATALOG","USA","US","East Stroudsburg","INS-USA-0219","1","","","",""
"MISSING_IN_CATALOG","USA","US","Eau Claire","INS-USA-0873","1","","","",""
"MISSING_IN_CATALOG","USA","US","Edinburg","INS-USA-0855","1","","","",""
"MISSING_IN_CATALOG","USA","US","Edmond","INS-USA-0512;INS-USA-0723","2","","","",""
"MISSING_IN_CATALOG","USA","US","Edwardsville","INS-USA-0609","1","","","",""
"MISSING_IN_CATALOG","USA","US","Elizabeth City","INS-USA-0236;INS-USA-0421","2","","","",""
"MISSING_IN_CATALOG","USA","US","Elizabethton","INS-USA-0429","1","","","",""
"MISSING_IN_CATALOG","USA","US","Ellensburg","INS-USA-0139","1","","","",""
"MISSING_IN_CATALOG","USA","US","Elmhurst","INS-USA-0237","1","","","",""
"MISSING_IN_CATALOG","USA","US","Elon","INS-USA-0238","1","","","",""
"MISSING_IN_CATALOG","USA","US","Emmitsburg","INS-USA-0460","1","","","",""
"MISSING_IN_CATALOG","USA","US","Emory","INS-USA-0242","1","","","",""
"MISSING_IN_CATALOG","USA","US","Emporia","INS-USA-0245","1","","","",""
"MISSING_IN_CATALOG","USA","US","Evanston","INS-USA-0502","1","","","",""
"MISSING_IN_CATALOG","USA","US","Fairbanks","INS-USA-0700","1","","","",""
"MISSING_IN_CATALOG","USA","US","Fairfax","INS-USA-0285","1","","","",""
"MISSING_IN_CATALOG","USA","US","Fairmont","INS-USA-0250","1","","","",""
"MISSING_IN_CATALOG","USA","US","Farmington","INS-USA-0766","1","","","",""
"MISSING_IN_CATALOG","USA","US","Farmville","INS-USA-0381","1","","","",""
"MISSING_IN_CATALOG","USA","US","Fayette","INS-USA-0136;INS-USA-0887","2","","","",""
"MISSING_IN_CATALOG","USA","US","Findlay","INS-USA-0738","1","","","",""
"MISSING_IN_CATALOG","USA","US","Fitchburg","INS-USA-0257","1","","","",""
"MISSING_IN_CATALOG","USA","US","Flagstaff","INS-USA-0493","1","","","",""
"MISSING_IN_CATALOG","USA","US","Florence","INS-USA-0271;INS-USA-0806","2","","","",""
"MISSING_IN_CATALOG","USA","US","Fond du Lac","INS-USA-0396","1","","","",""
"MISSING_IN_CATALOG","USA","US","Forest Grove","INS-USA-0524","1","","","",""
"MISSING_IN_CATALOG","USA","US","Fort Kent","INS-USA-0767","1","","","",""
"MISSING_IN_CATALOG","USA","US","Fort Myers","INS-USA-0260","1","","","",""
"MISSING_IN_CATALOG","USA","US","Fort Valley","INS-USA-0269","1","","","",""
"MISSING_IN_CATALOG","USA","US","Framingham","INS-USA-0270","1","","","",""
"MISSING_IN_CATALOG","USA","US","Franklin Springs","INS-USA-0240","1","","","",""
"MISSING_IN_CATALOG","USA","US","Fredonia","INS-USA-0640","1","","","",""
"MISSING_IN_CATALOG","USA","US","Frostburg","INS-USA-0279","1","","","",""
"MISSING_IN_CATALOG","USA","US","Fulton","INS-USA-0945","1","","","",""
"MISSING_IN_CATALOG","USA","US","Galloway","INS-USA-0648","1","","","",""
"MISSING_IN_CATALOG","USA","US","Garden City","INS-USA-0005","1","","","",""
"MISSING_IN_CATALOG","USA","US","Gary","INS-USA-0336","1","","","",""
"MISSING_IN_CATALOG","USA","US","Georgetown","INS-USA-0624","1","","","",""
"MISSING_IN_CATALOG","USA","US","Glassboro","INS-USA-0557","1","","","",""
"MISSING_IN_CATALOG","USA","US","Glenside","INS-USA-0027","1","","","",""
"MISSING_IN_CATALOG","USA","US","Glenville","INS-USA-0294","1","","","",""
"MISSING_IN_CATALOG","USA","US","Golden","INS-USA-0167","1","","","",""
"MISSING_IN_CATALOG","USA","US","Goodwell","INS-USA-0514","1","","","",""
"MISSING_IN_CATALOG","USA","US","Graceville","INS-USA-0052","1","","","",""
"MISSING_IN_CATALOG","USA","US","Grambling","INS-USA-0301","1","","","",""
"MISSING_IN_CATALOG","USA","US","Grand Forks","INS-USA-0813","1","","","",""
"MISSING_IN_CATALOG","USA","US","Granville","INS-USA-0198","1","","","",""
"MISSING_IN_CATALOG","USA","US","Great Falls","INS-USA-0825","1","","","",""
"MISSING_IN_CATALOG","USA","US","Greencastle","INS-USA-0200","1","","","",""
"MISSING_IN_CATALOG","USA","US","Greensburg","INS-USA-0582","1","","","",""
"MISSING_IN_CATALOG","USA","US","Gunnison","INS-USA-0925","1","","","",""
"MISSING_IN_CATALOG","USA","US","Gwynedd Valley","INS-USA-0306","1","","","",""
"MISSING_IN_CATALOG","USA","US","Hackettstown","INS-USA-0134","1","","","",""
"MISSING_IN_CATALOG","USA","US","Hamden","INS-USA-0541","1","","","",""
"MISSING_IN_CATALOG","USA","US","Hamilton","INS-USA-0164","1","","","",""
"MISSING_IN_CATALOG","USA","US","Hammond","INS-USA-0539;INS-USA-0602","2","","","",""
"MISSING_IN_CATALOG","USA","US","Hannibal","INS-USA-0309","1","","","",""
"MISSING_IN_CATALOG","USA","US","Harrisonburg","INS-USA-0226;INS-USA-0345","2","","","",""
"MISSING_IN_CATALOG","USA","US","Harrogate","INS-USA-0374","1","","","",""
"MISSING_IN_CATALOG","USA","US","Hartsville","INS-USA-0163","1","","","",""
"MISSING_IN_CATALOG","USA","US","Hattiesburg","INS-USA-0850;INS-USA-0942","2","","","",""
"MISSING_IN_CATALOG","USA","US","Havre","INS-USA-0448","1","","","",""
"MISSING_IN_CATALOG","USA","US","Hays","INS-USA-0268","1","","","",""
"MISSING_IN_CATALOG","USA","US","Highland Heights","INS-USA-0495","1","","","",""
"MISSING_IN_CATALOG","USA","US","Hilo","INS-USA-0742","1","","","",""
"MISSING_IN_CATALOG","USA","US","Hobbs","INS-USA-0863","1","","","",""
"MISSING_IN_CATALOG","USA","US","Hoboken","INS-USA-0646","1","","","",""
"MISSING_IN_CATALOG","USA","US","Houghton","INS-USA-0418","1","","","",""
"MISSING_IN_CATALOG","USA","US","Howell","INS-USA-0159","1","","","",""
"MISSING_IN_CATALOG","USA","US","Immaculata","INS-USA-0331","1","","","",""
"MISSING_IN_CATALOG","USA","US","Indiana","INS-USA-0339","1","","","",""
"MISSING_IN_CATALOG","USA","US","Institute","INS-USA-0922","1","","","",""
"MISSING_IN_CATALOG","USA","US","Iowa City","INS-USA-0756","1","","","",""
"MISSING_IN_CATALOG","USA","US","Ithaca","INS-USA-0186","1","","","",""
"MISSING_IN_CATALOG","USA","US","Itta Bena","INS-USA-0437","1","","","",""
"MISSING_IN_CATALOG","USA","US","Jamestown","INS-USA-0757","1","","","",""
"MISSING_IN_CATALOG","USA","US","Johnson City","INS-USA-0220","1","","","",""
"MISSING_IN_CATALOG","USA","US","Jonesboro","INS-USA-0030","1","","","",""
"MISSING_IN_CATALOG","USA","US","Joplin","INS-USA-0439","1","","","",""
"MISSING_IN_CATALOG","USA","US","Kapolei","INS-USA-0744","1","","","",""
"MISSING_IN_CATALOG","USA","US","Kearney","INS-USA-0795","1","","","",""
"MISSING_IN_CATALOG","USA","US","Keene","INS-USA-0621","1","","","",""
"MISSING_IN_CATALOG","USA","US","Kenmore","INS-USA-0054","1","","","",""
"MISSING_IN_CATALOG","USA","US","Kennesaw","INS-USA-0353","1","","","",""
"MISSING_IN_CATALOG","USA","US","Kenosha","INS-USA-0879","1","","","",""
"MISSING_IN_CATALOG","USA","US","Kent","INS-USA-0354","1","","","",""
"MISSING_IN_CATALOG","USA","US","Kerrville","INS-USA-0578","1","","","",""
"MISSING_IN_CATALOG","USA","US","Kingston","INS-USA-0828","1","","","",""
"MISSING_IN_CATALOG","USA","US","Kingsville","INS-USA-0663","1","","","",""
"MISSING_IN_CATALOG","USA","US","Kirksville","INS-USA-0001;INS-USA-0689","2","","","",""
"MISSING_IN_CATALOG","USA","US","Klamath Falls","INS-USA-0520","1","","","",""
"MISSING_IN_CATALOG","USA","US","Kokomo","INS-USA-0335","1","","","",""
"MISSING_IN_CATALOG","USA","US","Kutztown","INS-USA-0359","1","","","",""
"MISSING_IN_CATALOG","USA","US","La Crosse","INS-USA-0875;INS-USA-0905","2","","","",""
"MISSING_IN_CATALOG","USA","US","La Grande","INS-USA-0229","1","","","",""
"MISSING_IN_CATALOG","USA","US","La Mirada","INS-USA-0067","1","","","",""
"MISSING_IN_CATALOG","USA","US","La Plume","INS-USA-0357","1","","","",""
"MISSING_IN_CATALOG","USA","US","La Verne","INS-USA-0760","1","","","",""
"MISSING_IN_CATALOG","USA","US","Lacey","INS-USA-0564","1","","","",""
"MISSING_IN_CATALOG","USA","US","Laie","INS-USA-0086","1","","","",""
"MISSING_IN_CATALOG","USA","US","Lake Wales","INS-USA-0909","1","","","",""
"MISSING_IN_CATALOG","USA","US","Lamoni","INS-USA-0300","1","","","",""
"MISSING_IN_CATALOG","USA","US","Langhorne","INS-USA-0095","1","","","",""
"MISSING_IN_CATALOG","USA","US","Langston","INS-USA-0365","1","","","",""
"MISSING_IN_CATALOG","USA","US","Laramie","INS-USA-0886","1","","","",""
"MISSING_IN_CATALOG","USA","US","Laurel","INS-USA-0127","1","","","",""
"MISSING_IN_CATALOG","USA","US","Laurinburg","INS-USA-0627","1","","","",""
"MISSING_IN_CATALOG","USA","US","Lawrence","INS-USA-0758","1","","","",""
"MISSING_IN_CATALOG","USA","US","Lawrenceville","INS-USA-0548","1","","","",""
"MISSING_IN_CATALOG","USA","US","Lawton","INS-USA-0122","1","","","",""
"MISSING_IN_CATALOG","USA","US","Leavenworth","INS-USA-0833","1","","","",""
"MISSING_IN_CATALOG","USA","US","Lebanon","INS-USA-0189;INS-USA-0405","2","","","",""
"MISSING_IN_CATALOG","USA","US","Lewisburg","INS-USA-0090","1","","","",""
"MISSING_IN_CATALOG","USA","US","Lewiston","INS-USA-0483","1","","","",""
"MISSING_IN_CATALOG","USA","US","Lincoln University","INS-USA-0376","1","","","",""
"MISSING_IN_CATALOG","USA","US","Lisle","INS-USA-0061","1","","","",""
"MISSING_IN_CATALOG","USA","US","Livonia","INS-USA-0392","1","","","",""
"MISSING_IN_CATALOG","USA","US","Lock Haven","INS-USA-0379","1","","","",""
"MISSING_IN_CATALOG","USA","US","Lodi","INS-USA-0253","1","","","",""
"MISSING_IN_CATALOG","USA","US","Logan","INS-USA-0889","1","","","",""
"MISSING_IN_CATALOG","USA","US","Lombard","INS-USA-0468","1","","","",""
"MISSING_IN_CATALOG","USA","US","Lorman","INS-USA-0013","1","","","",""
"MISSING_IN_CATALOG","USA","US","Loudonville","INS-USA-0591","1","","","",""
"MISSING_IN_CATALOG","USA","US","Lowell","INS-USA-0779","1","","","",""
"MISSING_IN_CATALOG","USA","US","Lynchburg","INS-USA-0373;INS-USA-0764","2","","","",""
"MISSING_IN_CATALOG","USA","US","Macomb","INS-USA-0927","1","","","",""
"MISSING_IN_CATALOG","USA","US","Magnolia","INS-USA-0606","1","","","",""
"MISSING_IN_CATALOG","USA","US","Malibu","INS-USA-0528","1","","","",""
"MISSING_IN_CATALOG","USA","US","Mankato","INS-USA-0432","1","","","",""
"MISSING_IN_CATALOG","USA","US","Marion","INS-USA-0340","1","","","",""
"MISSING_IN_CATALOG","USA","US","Marquette","INS-USA-0496","1","","","",""
"MISSING_IN_CATALOG","USA","US","Marshall","INS-USA-0222;INS-USA-0620","2","","","",""
"MISSING_IN_CATALOG","USA","US","Martin","INS-USA-0679","1","","","",""
"MISSING_IN_CATALOG","USA","US","Maryville","INS-USA-0498","1","","","",""
"MISSING_IN_CATALOG","USA","US","Mayville","INS-USA-0404","1","","","",""
"MISSING_IN_CATALOG","USA","US","Mechanicsburg","INS-USA-0412","1","","","",""
"MISSING_IN_CATALOG","USA","US","Melbourne","INS-USA-0261","1","","","",""
"MISSING_IN_CATALOG","USA","US","Menomonie","INS-USA-0883","1","","","",""
"MISSING_IN_CATALOG","USA","US","Mequon","INS-USA-0180","1","","","",""
"MISSING_IN_CATALOG","USA","US","Miami Gardens","INS-USA-0263;INS-USA-0638","2","","","",""
"MISSING_IN_CATALOG","USA","US","Midway","INS-USA-0425","1","","","",""
"MISSING_IN_CATALOG","USA","US","Milledgeville","INS-USA-0288","1","","","",""
"MISSING_IN_CATALOG","USA","US","Millersville","INS-USA-0428","1","","","",""
"MISSING_IN_CATALOG","USA","US","Minot","INS-USA-0433","1","","","",""
"MISSING_IN_CATALOG","USA","US","Mishawaka","INS-USA-0064","1","","","",""
"MISSING_IN_CATALOG","USA","US","Mississippi State","INS-USA-0435","1","","","",""
"MISSING_IN_CATALOG","USA","US","Missoula","INS-USA-0790","1","","","",""
"MISSING_IN_CATALOG","USA","US","Mitchell","INS-USA-0192","1","","","",""
"MISSING_IN_CATALOG","USA","US","Monmouth","INS-USA-0932","1","","","",""
"MISSING_IN_CATALOG","USA","US","Monroe","INS-USA-0762","1","","","",""
"MISSING_IN_CATALOG","USA","US","Montclair","INS-USA-0450","1","","","",""
"MISSING_IN_CATALOG","USA","US","Monterey","INS-USA-0469","1","","","",""
"MISSING_IN_CATALOG","USA","US","Montevallo","INS-USA-0791","1","","","",""
"MISSING_IN_CATALOG","USA","US","Monticello","INS-USA-0705","1","","","",""
"MISSING_IN_CATALOG","USA","US","Moon Township","INS-USA-0549","1","","","",""
"MISSING_IN_CATALOG","USA","US","Moorhead","INS-USA-0431","1","","","",""
"MISSING_IN_CATALOG","USA","US","Morehead","INS-USA-0452","1","","","",""
"MISSING_IN_CATALOG","USA","US","Morgantown","INS-USA-0923","1","","","",""
"MISSING_IN_CATALOG","USA","US","Morrisville","INS-USA-0641","1","","","",""
"MISSING_IN_CATALOG","USA","US","Morrow","INS-USA-0158","1","","","",""
"MISSING_IN_CATALOG","USA","US","Moscow","INS-USA-0751","1","","","",""
"MISSING_IN_CATALOG","USA","US","Mount Olive","INS-USA-0792","1","","","",""
"MISSING_IN_CATALOG","USA","US","Mount Pleasant","INS-USA-0137","1","","","",""
"MISSING_IN_CATALOG","USA","US","Mount Vernon","INS-USA-0082;INS-USA-0461","2","","","",""
"MISSING_IN_CATALOG","USA","US","Muncie","INS-USA-0050","1","","","",""
"MISSING_IN_CATALOG","USA","US","Murray","INS-USA-0463","1","","","",""
"MISSING_IN_CATALOG","USA","US","Nacogdoches","INS-USA-0644","1","","","",""
"MISSING_IN_CATALOG","USA","US","Natchitoches","INS-USA-0501","1","","","",""
"MISSING_IN_CATALOG","USA","US","New Albany","INS-USA-0338","1","","","",""
"MISSING_IN_CATALOG","USA","US","New Britain","INS-USA-0135","1","","","",""
"MISSING_IN_CATALOG","USA","US","New Brunswick","INS-USA-0558","1","","","",""
"MISSING_IN_CATALOG","USA","US","New Castle","INS-USA-0946","1","","","",""
"MISSING_IN_CATALOG","USA","US","New Concord","INS-USA-0464","1","","","",""
"MISSING_IN_CATALOG","USA","US","New Paltz","INS-USA-0642","1","","","",""
"MISSING_IN_CATALOG","USA","US","New York City","INS-USA-0172;INS-USA-0482;INS-USA-0522;INS-USA-0672;INS-USA-0686;INS-USA-0957","6","","","",""
"MISSING_IN_CATALOG","USA","US","Newberg","INS-USA-0284","1","","","",""
"MISSING_IN_CATALOG","USA","US","Newport","INS-USA-0568","1","","","",""
"MISSING_IN_CATALOG","USA","US","Normal","INS-USA-0329","1","","","",""
"MISSING_IN_CATALOG","USA","US","Norman","INS-USA-0676","1","","","",""
"MISSING_IN_CATALOG","USA","US","North Dartmouth","INS-USA-0778","1","","","",""
"MISSING_IN_CATALOG","USA","US","Northridge","INS-USA-0116","1","","","",""
"MISSING_IN_CATALOG","USA","US","Notre Dame","INS-USA-0819","1","","","",""
"MISSING_IN_CATALOG","USA","US","Oakland City","INS-USA-0504","1","","","",""
"MISSING_IN_CATALOG","USA","US","Old Westbury","INS-USA-0480","1","","","",""
"MISSING_IN_CATALOG","USA","US","Orangeburg","INS-USA-0152;INS-USA-0208;INS-USA-0598","3","","","",""
"MISSING_IN_CATALOG","USA","US","Orem","INS-USA-0891","1","","","",""
"MISSING_IN_CATALOG","USA","US","Orono","INS-USA-0674","1","","","",""
"MISSING_IN_CATALOG","USA","US","Oshkosh","INS-USA-0878","1","","","",""
"MISSING_IN_CATALOG","USA","US","Oswego","INS-USA-0643","1","","","",""
"MISSING_IN_CATALOG","USA","US","Owensboro","INS-USA-0081","1","","","",""
"MISSING_IN_CATALOG","USA","US","Oxford","INS-USA-0416","1","","","",""
"MISSING_IN_CATALOG","USA","US","Palo Alto","INS-USA-0595","1","","","",""
"MISSING_IN_CATALOG","USA","US","Parkville","INS-USA-0526","1","","","",""
"MISSING_IN_CATALOG","USA","US","Pembroke","INS-USA-0811","1","","","",""
"MISSING_IN_CATALOG","USA","US","Petersburg","INS-USA-0901","1","","","",""
"MISSING_IN_CATALOG","USA","US","Phoenixville","INS-USA-0866","1","","","",""
"MISSING_IN_CATALOG","USA","US","Pikeville","INS-USA-0822","1","","","",""
"MISSING_IN_CATALOG","USA","US","Pine Bluff","INS-USA-0706","1","","","",""
"MISSING_IN_CATALOG","USA","US","Pittsburg","INS-USA-0530","1","","","",""
"MISSING_IN_CATALOG","USA","US","Plainview","INS-USA-0916","1","","","",""
"MISSING_IN_CATALOG","USA","US","Platteville","INS-USA-0880","1","","","",""
"MISSING_IN_CATALOG","USA","US","Plymouth","INS-USA-0363","1","","","",""
"MISSING_IN_CATALOG","USA","US","Pocatello","INS-USA-0327","1","","","",""
"MISSING_IN_CATALOG","USA","US","Portales","INS-USA-0228","1","","","",""
"MISSING_IN_CATALOG","USA","US","Portsmouth","INS-USA-0585","1","","","",""
"MISSING_IN_CATALOG","USA","US","Potsdam","INS-USA-0157","1","","","",""
"MISSING_IN_CATALOG","USA","US","Prairie View","INS-USA-0535","1","","","",""
"MISSING_IN_CATALOG","USA","US","Presque Isle","INS-USA-0768","1","","","",""
"MISSING_IN_CATALOG","USA","US","Princess Anne","INS-USA-0773","1","","","",""
"MISSING_IN_CATALOG","USA","US","Princeton","INS-USA-0536","1","","","",""
"MISSING_IN_CATALOG","USA","US","Pueblo","INS-USA-0169","1","","","",""
"MISSING_IN_CATALOG","USA","US","Pullman","INS-USA-0914","1","","","",""
"MISSING_IN_CATALOG","USA","US","Quincy","INS-USA-0540","1","","","",""
"MISSING_IN_CATALOG","USA","US","Radford","INS-USA-0542","1","","","",""
"MISSING_IN_CATALOG","USA","US","Redding","INS-USA-0593","1","","","",""
"MISSING_IN_CATALOG","USA","US","Redlands","INS-USA-0827","1","","","",""
"MISSING_IN_CATALOG","USA","US","Rexburg","INS-USA-0087","1","","","",""
"MISSING_IN_CATALOG","USA","US","Richardson","INS-USA-0683","1","","","",""
"MISSING_IN_CATALOG","USA","US","Rindge","INS-USA-0274","1","","","",""
"MISSING_IN_CATALOG","USA","US","River Falls","INS-USA-0881","1","","","",""
"MISSING_IN_CATALOG","USA","US","River Forest","INS-USA-0177;INS-USA-0207","2","","","",""
"MISSING_IN_CATALOG","USA","US","Rochester Hills","INS-USA-0505","1","","","",""
"MISSING_IN_CATALOG","USA","US","Rockville Centre","INS-USA-0443","1","","","",""
"MISSING_IN_CATALOG","USA","US","Rohnert Park","INS-USA-0597","1","","","",""
"MISSING_IN_CATALOG","USA","US","Rolla","INS-USA-0441","1","","","",""
"MISSING_IN_CATALOG","USA","US","Rome","INS-USA-0589","1","","","",""
"MISSING_IN_CATALOG","USA","US","Romeoville","INS-USA-0372","1","","","",""
"MISSING_IN_CATALOG","USA","US","Rosemead","INS-USA-0864","1","","","",""
"MISSING_IN_CATALOG","USA","US","Russellville","INS-USA-0031","1","","","",""
"MISSING_IN_CATALOG","USA","US","Ruston","INS-USA-0385","1","","","",""
"MISSING_IN_CATALOG","USA","US","Saint Leo","INS-USA-0562","1","","","",""
"MISSING_IN_CATALOG","USA","US","Saint Paul","INS-USA-0063;INS-USA-0182;INS-USA-0307;INS-USA-0414;INS-USA-0630;INS-USA-0853","6","","","",""
"MISSING_IN_CATALOG","USA","US","Salisbury","INS-USA-0567","1","","","",""
"MISSING_IN_CATALOG","USA","US","San Angelo","INS-USA-0024","1","","","",""
"MISSING_IN_CATALOG","USA","US","San Luis Obispo","INS-USA-0102","1","","","",""
"MISSING_IN_CATALOG","USA","US","San Marcos","INS-USA-0106;INS-USA-0666;INS-USA-0851","3","","","",""
"MISSING_IN_CATALOG","USA","US","San Rafael","INS-USA-0209","1","","","",""
"MISSING_IN_CATALOG","USA","US","Santa Clara","INS-USA-0575","1","","","",""
"MISSING_IN_CATALOG","USA","US","Saratoga Springs","INS-USA-0244","1","","","",""
"MISSING_IN_CATALOG","USA","US","Sault Ste. Marie","INS-USA-0362","1","","","",""
"MISSING_IN_CATALOG","USA","US","Searcy","INS-USA-0310","1","","","",""
"MISSING_IN_CATALOG","USA","US","Seaside","INS-USA-0115","1","","","",""
"MISSING_IN_CATALOG","USA","US","Sewanee","INS-USA-0583","1","","","",""
"MISSING_IN_CATALOG","USA","US","Seward","INS-USA-0181","1","","","",""
"MISSING_IN_CATALOG","USA","US","Shawnee","INS-USA-0511","1","","","",""
"MISSING_IN_CATALOG","USA","US","Shepherdstown","INS-USA-0587","1","","","",""
"MISSING_IN_CATALOG","USA","US","Shippensburg","INS-USA-0588","1","","","",""
"MISSING_IN_CATALOG","USA","US","Siloam Springs","INS-USA-0346","1","","","",""
"MISSING_IN_CATALOG","USA","US","Silver City","INS-USA-0931","1","","","",""
"MISSING_IN_CATALOG","USA","US","Sioux Center","INS-USA-0210","1","","","",""
"MISSING_IN_CATALOG","USA","US","Sioux City","INS-USA-0083;INS-USA-0454","2","","","",""
"MISSING_IN_CATALOG","USA","US","Slippery Rock","INS-USA-0594","1","","","",""
"MISSING_IN_CATALOG","USA","US","Smithfield","INS-USA-0089","1","","","",""
"MISSING_IN_CATALOG","USA","US","Socorro","INS-USA-0478","1","","","",""
"MISSING_IN_CATALOG","USA","US","South Orange","INS-USA-0581","1","","","",""
"MISSING_IN_CATALOG","USA","US","Southfield","INS-USA-0366","1","","","",""
"MISSING_IN_CATALOG","USA","US","Spearfish","INS-USA-0068","1","","","",""
"MISSING_IN_CATALOG","USA","US","Spring Arbor","INS-USA-0626","1","","","",""
"MISSING_IN_CATALOG","USA","US","St. Bonaventure","INS-USA-0629","1","","","",""
"MISSING_IN_CATALOG","USA","US","St. Charles","INS-USA-0377","1","","","",""
"MISSING_IN_CATALOG","USA","US","St. Cloud","INS-USA-0631","1","","","",""
"MISSING_IN_CATALOG","USA","US","St. Davids","INS-USA-0230","1","","","",""
"MISSING_IN_CATALOG","USA","US","St. Joseph","INS-USA-0442","1","","","",""
"MISSING_IN_CATALOG","USA","US","Stanford","INS-USA-0639","1","","","",""
"MISSING_IN_CATALOG","USA","US","Statesboro","INS-USA-0290","1","","","",""
"MISSING_IN_CATALOG","USA","US","Staunton","INS-USA-0399","1","","","",""
"MISSING_IN_CATALOG","USA","US","Stephenville","INS-USA-0656","1","","","",""
"MISSING_IN_CATALOG","USA","US","Steubenville","INS-USA-0273","1","","","",""
"MISSING_IN_CATALOG","USA","US","Stevens Point","INS-USA-0882","1","","","",""
"MISSING_IN_CATALOG","USA","US","Stevenson","INS-USA-0647","1","","","",""
"MISSING_IN_CATALOG","USA","US","Stillwater","INS-USA-0515","1","","","",""
"MISSING_IN_CATALOG","USA","US","Stony Brook","INS-USA-0649","1","","","",""
"MISSING_IN_CATALOG","USA","US","Storm Lake","INS-USA-0091","1","","","",""
"MISSING_IN_CATALOG","USA","US","Storrs","INS-USA-0730","1","","","",""
"MISSING_IN_CATALOG","USA","US","Superior","INS-USA-0884","1","","","",""
"MISSING_IN_CATALOG","USA","US","Tahlequah","INS-USA-0491","1","","","",""
"MISSING_IN_CATALOG","USA","US","Takoma Park","INS-USA-0912","1","","","",""
"MISSING_IN_CATALOG","USA","US","Teaneck","INS-USA-0249","1","","","",""
"MISSING_IN_CATALOG","USA","US","Terre Haute","INS-USA-0332","1","","","",""
"MISSING_IN_CATALOG","USA","US","The Bronx","INS-USA-0267;INS-USA-0445;INS-USA-0793","3","","","",""
"MISSING_IN_CATALOG","USA","US","Thibodaux","INS-USA-0484","1","","","",""
"MISSING_IN_CATALOG","USA","US","Toppenish","INS-USA-0317","1","","","",""
"MISSING_IN_CATALOG","USA","US","Towson","INS-USA-0687","1","","","",""
"MISSING_IN_CATALOG","USA","US","Troy","INS-USA-0546;INS-USA-0688","2","","","",""
"MISSING_IN_CATALOG","USA","US","Turlock","INS-USA-0119","1","","","",""
"MISSING_IN_CATALOG","USA","US","Tuskegee","INS-USA-0692","1","","","",""
"MISSING_IN_CATALOG","USA","US","Union","INS-USA-0352","1","","","",""
"MISSING_IN_CATALOG","USA","US","University","INS-USA-0785","1","","","",""
"MISSING_IN_CATALOG","USA","US","University Center","INS-USA-0560","1","","","",""
"MISSING_IN_CATALOG","USA","US","University Heights","INS-USA-0347","1","","","",""
"MISSING_IN_CATALOG","USA","US","University Park","INS-USA-0298;INS-USA-0527","2","","","",""
"MISSING_IN_CATALOG","USA","US","Utica","INS-USA-0892","1","","","",""
"MISSING_IN_CATALOG","USA","US","Valdosta","INS-USA-0893","1","","","",""
"MISSING_IN_CATALOG","USA","US","Valencia","INS-USA-0100","1","","","",""
"MISSING_IN_CATALOG","USA","US","Valhalla","INS-USA-0481","1","","","",""
"MISSING_IN_CATALOG","USA","US","Valley City","INS-USA-0894","1","","","",""
"MISSING_IN_CATALOG","USA","US","Valparaiso","INS-USA-0895","1","","","",""
"MISSING_IN_CATALOG","USA","US","Vermillion","INS-USA-0845","1","","","",""
"MISSING_IN_CATALOG","USA","US","Vestal","INS-USA-0066","1","","","",""
"MISSING_IN_CATALOG","USA","US","Victoria","INS-USA-0750","1","","","",""
"MISSING_IN_CATALOG","USA","US","Villanova","INS-USA-0898","1","","","",""
"MISSING_IN_CATALOG","USA","US","Waleska","INS-USA-0545","1","","","",""
"MISSING_IN_CATALOG","USA","US","Waltham","INS-USA-0062;INS-USA-0079","2","","","",""
"MISSING_IN_CATALOG","USA","US","Warrensburg","INS-USA-0722","1","","","",""
"MISSING_IN_CATALOG","USA","US","Waukesha","INS-USA-0130","1","","","",""
"MISSING_IN_CATALOG","USA","US","Waxahachie","INS-USA-0472","1","","","",""
"MISSING_IN_CATALOG","USA","US","Wayne","INS-USA-0943","1","","","",""
"MISSING_IN_CATALOG","USA","US","Weatherford","INS-USA-0623","1","","","",""
"MISSING_IN_CATALOG","USA","US","Webster Groves","INS-USA-0918","1","","","",""
"MISSING_IN_CATALOG","USA","US","West Chester","INS-USA-0919","1","","","",""
"MISSING_IN_CATALOG","USA","US","West Hartford","INS-USA-0741;INS-USA-0832","2","","","",""
"MISSING_IN_CATALOG","USA","US","West Haven","INS-USA-0803","1","","","",""
"MISSING_IN_CATALOG","USA","US","West Lafayette","INS-USA-0537","1","","","",""
"MISSING_IN_CATALOG","USA","US","West Liberty","INS-USA-0920","1","","","",""
"MISSING_IN_CATALOG","USA","US","West Long Branch","INS-USA-0444","1","","","",""
"MISSING_IN_CATALOG","USA","US","West Palm Beach","INS-USA-0525","1","","","",""
"MISSING_IN_CATALOG","USA","US","Westfield","INS-USA-0934","1","","","",""
"MISSING_IN_CATALOG","USA","US","Wheeling","INS-USA-0937","1","","","",""
"MISSING_IN_CATALOG","USA","US","Whitewater","INS-USA-0885","1","","","",""
"MISSING_IN_CATALOG","USA","US","Wichita Falls","INS-USA-0426","1","","","",""
"MISSING_IN_CATALOG","USA","US","Wilberforce","INS-USA-0138","1","","","",""
"MISSING_IN_CATALOG","USA","US","Wilkes-Barre","INS-USA-0941","1","","","",""
"MISSING_IN_CATALOG","USA","US","Williamsburg","INS-USA-0857","1","","","",""
"MISSING_IN_CATALOG","USA","US","Willimantic","INS-USA-0223","1","","","",""
"MISSING_IN_CATALOG","USA","US","Wilmore","INS-USA-0033","1","","","",""
"MISSING_IN_CATALOG","USA","US","Winchester","INS-USA-0586","1","","","",""
"MISSING_IN_CATALOG","USA","US","Wingate","INS-USA-0947","1","","","",""
"MISSING_IN_CATALOG","USA","US","Winona","INS-USA-0948","1","","","",""
"MISSING_IN_CATALOG","USA","US","Winter Park","INS-USA-0555","1","","","",""
"MISSING_IN_CATALOG","USA","US","Wright-Patterson AFB","INS-USA-0008","1","","","",""
"MISSING_IN_CATALOG","USA","US","Wyoming","INS-USA-0299","1","","","",""
"MISSING_IN_CATALOG","USA","US","Yankton","INS-USA-0455","1","","","",""
"MISSING_IN_CATALOG","USA","US","Yellow Springs","INS-USA-0025","1","","","",""
"MISSING_IN_CATALOG","USA","US","Ypsilanti","INS-USA-0227","1","","","",""
"MISSING_IN_CATALOG","UZB","UZ","Andijan","INS-UZB-0002;INS-UZB-0003;INS-UZB-0004;INS-UZB-0005","4","","","",""
"MISSING_IN_CATALOG","UZB","UZ","Fergana","INS-UZB-0010;INS-UZB-0011;INS-UZB-0012","3","","","",""
"MISSING_IN_CATALOG","UZB","UZ","Gulistan","INS-UZB-0013","1","","","",""
"MISSING_IN_CATALOG","UZB","UZ","Jizzakh","INS-UZB-0015;INS-UZB-0016","2","","","",""
"MISSING_IN_CATALOG","UZB","UZ","Karshi","INS-UZB-0019;INS-UZB-0020","2","","","",""
"MISSING_IN_CATALOG","UZB","UZ","Kokand","INS-UZB-0021","1","","","",""
"MISSING_IN_CATALOG","UZB","UZ","Navoi","INS-UZB-0026","1","","","",""
"MISSING_IN_CATALOG","UZB","UZ","Termez","INS-UZB-0045","1","","","",""
"MISSING_IN_CATALOG","UZB","UZ","Urgench","INS-UZB-0047","1","","","",""
"MISSING_IN_CATALOG","VCT","VC","Arnos Vale","INS-VCT-0001","1","","","",""
"MISSING_IN_CATALOG","VEN","VE","Caicara del Orinoco","INS-VEN-0041","1","","","",""
"MISSING_IN_CATALOG","VEN","VE","Higuerote","INS-VEN-0033","1","","","",""
"MISSING_IN_CATALOG","VEN","VE","La Fría","INS-VEN-0034","1","","","",""
"MISSING_IN_CATALOG","VEN","VE","Mantecal","INS-VEN-0032","1","","","",""
"MISSING_IN_CATALOG","VEN","VE","Puerto Ordaz","INS-VEN-0014","1","","","",""
"MISSING_IN_CATALOG","VEN","VE","San Joaquín de Turmero","INS-VEN-0077","1","","","",""
"MISSING_IN_CATALOG","VEN","VE","Santa Bárbara del Zulia","INS-VEN-0020","1","","","",""
"MISSING_IN_CATALOG","VNM","VN","Da Nang","INS-VNM-0002;INS-VNM-0063","2","","","",""
"MISSING_IN_CATALOG","VNM","VN","Dalat","INS-VNM-0032","1","","","",""
"MISSING_IN_CATALOG","VNM","VN","Hai Phong","INS-VNM-0037;INS-VNM-0039","2","","","",""
"MISSING_IN_CATALOG","VNM","VN","Long Xuyen City","INS-VNM-0042","1","","","",""
"MISSING_IN_CATALOG","VNM","VN","Tan Phu Thanh","INS-VNM-0076","1","","","",""
"MISSING_IN_CATALOG","VNM","VN","Xuan Thanh","INS-VNM-0075","1","","","",""
"MISSING_IN_CATALOG","YEM","YE","Al Dali'","INS-YEM-0040","1","","","",""
"MISSING_IN_CATALOG","YEM","YE","Al Ghaydah","INS-YEM-0008","1","","","",""
"MISSING_IN_CATALOG","YEM","YE","Amran","INS-YEM-0029","1","","","",""
"MISSING_IN_CATALOG","YEM","YE","Hadibu","INS-YEM-0061","1","","","",""
"MISSING_IN_CATALOG","YEM","YE","Lahj","INS-YEM-0045;INS-YEM-0049;INS-YEM-0055","3","","","",""
"MISSING_IN_CATALOG","YEM","YE","Mukalla","INS-YEM-0010;INS-YEM-0012;INS-YEM-0014;INS-YEM-0016;INS-YEM-0022;INS-YEM-0041;INS-YEM-0071","7","","","",""
"MISSING_IN_CATALOG","YEM","YE","Saada","INS-YEM-0056","1","","","",""
"MISSING_IN_CATALOG","YEM","YE","Sana'a","INS-YEM-0001;INS-YEM-0004;INS-YEM-0011;INS-YEM-0019;INS-YEM-0021;INS-YEM-0023;INS-YEM-0031;INS-YEM-0032;INS-YEM-0033;INS-YEM-0035;INS-YEM-0037;INS-YEM-0038;INS-YEM-0046;INS-YEM-0047;INS-YEM-0054;INS-YEM-0057;INS-YEM-0058;INS-YEM-0064;INS-YEM-0066;INS-YEM-0067;INS-YEM-0068;INS-YEM-0072;INS-YEM-0073;INS-YEM-0074;INS-YEM-0075","25","","","",""
"MISSING_IN_CATALOG","YEM","YE","Seiyun","INS-YEM-0005;INS-YEM-0028;INS-YEM-0059","3","","","",""
"MISSING_IN_CATALOG","YEM","YE","Taiz","INS-YEM-0002;INS-YEM-0013;INS-YEM-0015;INS-YEM-0017;INS-YEM-0025;INS-YEM-0026;INS-YEM-0053;INS-YEM-0062","8","","","",""
"MISSING_IN_CATALOG","ZAF","ZA","Alice","INS-ZAF-0013","1","","","",""
"MISSING_IN_CATALOG","ZAF","ZA","Bellville","INS-ZAF-0021","1","","","",""
"MISSING_IN_CATALOG","ZAF","ZA","Ga-Rankuwa","INS-ZAF-0008","1","","","",""
"MISSING_IN_CATALOG","ZAF","ZA","KwaDlangezwa","INS-ZAF-0024","1","","","",""
"MISSING_IN_CATALOG","ZAF","ZA","Makhanda","INS-ZAF-0007","1","","","",""
"MISSING_IN_CATALOG","ZAF","ZA","Mankweng","INS-ZAF-0016","1","","","",""
"MISSING_IN_CATALOG","ZAF","ZA","Mbombela","INS-ZAF-0017","1","","","",""
"MISSING_IN_CATALOG","ZMB","ZM","Chibombo","INS-ZMB-0025","1","","","",""
"MISSING_IN_CATALOG","ZMB","ZM","Chikankata","INS-ZMB-0033;INS-ZMB-0044","2","","","",""
"MISSING_IN_CATALOG","ZMB","ZM","Kalulushi","INS-ZMB-0041","1","","","",""
"MISSING_IN_CATALOG","ZMB","ZM","Livingstone","INS-ZMB-0048","1","","","",""
"MISSING_IN_CATALOG","ZMB","ZM","Monze","INS-ZMB-0032","1","","","",""
"MISSING_IN_CATALOG","ZWE","ZW","Filabusi","INS-ZWE-0007","1","","","",""
"MISSING_IN_CATALOG","ZWE","ZW","Lupane","INS-ZWE-0009","1","","","",""
